mean_fit_time,mean_score_time,mean_test_score,param_MLP__activation,param_MLP__alpha,param_MLP__hidden_layer_sizes,params,rank_test_score,split0_test_score,split1_test_score,split2_test_score,split3_test_score,std_fit_time,std_score_time,std_test_score
0.0438379049301,0.0457966327667,0.5,logistic,10.0,"(25,)","{'MLP__hidden_layer_sizes': (25,), 'MLP__activation': 'logistic', 'MLP__alpha': 10.0}",90,0.5,0.5,0.5,0.5,0.0475483731365,0.0334567338993,1.24044295321e-16
0.25967168808,0.032242000103,0.499703791469,logistic,10.0,"(50,)","{'MLP__hidden_layer_sizes': (50,), 'MLP__activation': 'logistic', 'MLP__alpha': 10.0}",278,0.5,0.5,0.498815165877,0.5,0.0452736838598,0.0133029609845,0.000513048224991
0.196436941624,0.0118042826653,0.499111374408,logistic,10.0,"(100,)","{'MLP__hidden_layer_sizes': (100,), 'MLP__activation': 'logistic', 'MLP__alpha': 10.0}",300,0.5,0.5,0.49644549763,0.5,0.0268545945596,0.0036471443942,0.00153914467497
0.186616957188,0.019867002964,0.5,logistic,10.0,"(25, 25)","{'MLP__hidden_layer_sizes': (25, 25), 'MLP__activation': 'logistic', 'MLP__alpha': 10.0}",90,0.5,0.5,0.5,0.5,0.0562436373283,0.0135872429459,1.24044295321e-16
0.25895601511,0.0108684301376,0.5,logistic,10.0,"(50, 50)","{'MLP__hidden_layer_sizes': (50, 50), 'MLP__activation': 'logistic', 'MLP__alpha': 10.0}",90,0.5,0.5,0.5,0.5,0.0124147887688,0.00168278708198,1.24044295321e-16
0.327201902866,0.0168220996857,0.5,logistic,10.0,"(100, 100)","{'MLP__hidden_layer_sizes': (100, 100), 'MLP__activation': 'logistic', 'MLP__alpha': 10.0}",90,0.5,0.5,0.5,0.5,0.0638663536685,0.00622741030231,1.24044295321e-16
0.181399226189,0.0263717770576,0.5,logistic,10.0,"(25, 25, 25)","{'MLP__hidden_layer_sizes': (25, 25, 25), 'MLP__activation': 'logistic', 'MLP__alpha': 10.0}",90,0.5,0.5,0.5,0.5,0.0301597092757,0.00869489776089,1.24044295321e-16
0.401672959328,0.0150817632675,0.5,logistic,10.0,"(50, 50, 50)","{'MLP__hidden_layer_sizes': (50, 50, 50), 'MLP__activation': 'logistic', 'MLP__alpha': 10.0}",90,0.5,0.5,0.5,0.5,0.0470805222237,0.00404050968382,1.24044295321e-16
0.679559767246,0.0244567990303,0.5,logistic,10.0,"(100, 100, 100)","{'MLP__hidden_layer_sizes': (100, 100, 100), 'MLP__activation': 'logistic', 'MLP__alpha': 10.0}",90,0.5,0.5,0.5,0.5,0.213204422808,0.0102135615152,1.24044295321e-16
0.155544996262,0.0345894694328,0.498815165877,logistic,3.1622776601683795,"(25,)","{'MLP__hidden_layer_sizes': (25,), 'MLP__activation': 'logistic', 'MLP__alpha': 3.1622776601683795}",308,0.5,0.5,0.495260663507,0.5,0.0744954473745,0.0254459521628,0.00205219289996
0.186101257801,0.00939571857452,0.50134345009,logistic,3.1622776601683795,"(50,)","{'MLP__hidden_layer_sizes': (50,), 'MLP__activation': 'logistic', 'MLP__alpha': 3.1622776601683795}",85,0.496453900709,0.5,0.5,0.508947540448,0.0804042598324,0.00461443622502,0.00461694074935
0.209690272808,0.00717824697495,0.5,logistic,3.1622776601683795,"(100,)","{'MLP__hidden_layer_sizes': (100,), 'MLP__activation': 'logistic', 'MLP__alpha': 3.1622776601683795}",90,0.5,0.5,0.5,0.5,0.0801803127327,0.000708959611741,1.24044295321e-16
0.119873940945,0.0142725110054,0.5,logistic,3.1622776601683795,"(25, 25)","{'MLP__hidden_layer_sizes': (25, 25), 'MLP__activation': 'logistic', 'MLP__alpha': 3.1622776601683795}",90,0.5,0.5,0.5,0.5,0.0213589185203,0.00567926351047,1.24044295321e-16
0.328308045864,0.0243089795113,0.5,logistic,3.1622776601683795,"(50, 50)","{'MLP__hidden_layer_sizes': (50, 50), 'MLP__activation': 'logistic', 'MLP__alpha': 3.1622776601683795}",90,0.5,0.5,0.5,0.5,0.06213864412,0.0104970691159,1.24044295321e-16
0.459075808525,0.0214329361916,0.5,logistic,3.1622776601683795,"(100, 100)","{'MLP__hidden_layer_sizes': (100, 100), 'MLP__activation': 'logistic', 'MLP__alpha': 3.1622776601683795}",90,0.5,0.5,0.5,0.5,0.0784437019978,0.0069128630143,1.24044295321e-16
0.115315973759,0.0944375395775,0.5,logistic,3.1622776601683795,"(25, 25, 25)","{'MLP__hidden_layer_sizes': (25, 25, 25), 'MLP__activation': 'logistic', 'MLP__alpha': 3.1622776601683795}",90,0.5,0.5,0.5,0.5,0.0516943661647,0.0406232817391,1.24044295321e-16
0.301531732082,0.0101925730705,0.5,logistic,3.1622776601683795,"(50, 50, 50)","{'MLP__hidden_layer_sizes': (50, 50, 50), 'MLP__activation': 'logistic', 'MLP__alpha': 3.1622776601683795}",90,0.5,0.5,0.5,0.5,0.113158854234,0.0068363620418,1.24044295321e-16
0.598987698555,0.0180062651634,0.5,logistic,3.1622776601683795,"(100, 100, 100)","{'MLP__hidden_layer_sizes': (100, 100, 100), 'MLP__activation': 'logistic', 'MLP__alpha': 3.1622776601683795}",90,0.5,0.5,0.5,0.5,0.0616291603839,0.0113837403199,1.24044295321e-16
0.210433423519,0.0239535570145,0.526503889823,logistic,1.0,"(25,)","{'MLP__hidden_layer_sizes': (25,), 'MLP__activation': 'logistic', 'MLP__alpha': 1.0}",5,0.547635933806,0.5,0.529778830964,0.528558588005,0.0977507568722,0.0116282652584,0.0170656461523
0.261032760143,0.00922250747681,0.506861508968,logistic,1.0,"(50,)","{'MLP__hidden_layer_sizes': (50,), 'MLP__activation': 'logistic', 'MLP__alpha': 1.0}",42,0.516666666667,0.510742496051,0.5,0.5,0.0288083474479,0.0041952189545,0.00716715303462
0.231404483318,0.00944405794144,0.507885587218,logistic,1.0,"(100,)","{'MLP__hidden_layer_sizes': (100,), 'MLP__activation': 'logistic', 'MLP__alpha': 1.0}",33,0.516666666667,0.5,0.5,0.514871711064,0.0643040300577,0.00302580728741,0.00791108191088
0.142590820789,0.0398482084274,0.5,logistic,1.0,"(25, 25)","{'MLP__hidden_layer_sizes': (25, 25), 'MLP__activation': 'logistic', 'MLP__alpha': 1.0}",90,0.5,0.5,0.5,0.5,0.048498590749,0.00830039029845,1.24044295321e-16
0.366409003735,0.0113442540169,0.5,logistic,1.0,"(50, 50)","{'MLP__hidden_layer_sizes': (50, 50), 'MLP__activation': 'logistic', 'MLP__alpha': 1.0}",90,0.5,0.5,0.5,0.5,0.140464240714,0.00245934141921,1.24044295321e-16
0.500774562359,0.0686942338943,0.5,logistic,1.0,"(100, 100)","{'MLP__hidden_layer_sizes': (100, 100), 'MLP__activation': 'logistic', 'MLP__alpha': 1.0}",90,0.5,0.5,0.5,0.5,0.102828767671,0.0784558634634,1.24044295321e-16
0.189240753651,0.0761319994926,0.5,logistic,1.0,"(25, 25, 25)","{'MLP__hidden_layer_sizes': (25, 25, 25), 'MLP__activation': 'logistic', 'MLP__alpha': 1.0}",90,0.5,0.5,0.5,0.5,0.0705249763214,0.00284847413897,1.24044295321e-16
0.444182932377,0.0104915499687,0.5,logistic,1.0,"(50, 50, 50)","{'MLP__hidden_layer_sizes': (50, 50, 50), 'MLP__activation': 'logistic', 'MLP__alpha': 1.0}",90,0.5,0.5,0.5,0.5,0.102543125327,0.00306121755782,1.24044295321e-16
0.544739663601,0.0251680612564,0.5,logistic,1.0,"(100, 100, 100)","{'MLP__hidden_layer_sizes': (100, 100, 100), 'MLP__activation': 'logistic', 'MLP__alpha': 1.0}",90,0.5,0.5,0.5,0.5,0.100621928344,0.0101004210655,1.24044295321e-16
0.113819897175,0.0524286031723,0.499408238267,logistic,0.31622776601683794,"(25,)","{'MLP__hidden_layer_sizes': (25,), 'MLP__activation': 'logistic', 'MLP__alpha': 0.31622776601683794}",288,0.5,0.5,0.498815165877,0.498815165877,0.0433020358706,0.0107143871798,0.000592416699151
0.297234296799,0.0109834671021,0.504004646613,logistic,0.31622776601683794,"(50,)","{'MLP__hidden_layer_sizes': (50,), 'MLP__activation': 'logistic', 'MLP__alpha': 0.31622776601683794}",57,0.498817966903,0.5,0.5,0.51724137931,0.0618988305972,0.00152931483116,0.0076462247165
0.289887726307,0.0182568430901,0.5,logistic,0.31622776601683794,"(100,)","{'MLP__hidden_layer_sizes': (100,), 'MLP__activation': 'logistic', 'MLP__alpha': 0.31622776601683794}",90,0.5,0.5,0.5,0.5,0.036937299597,0.00821309512174,1.24044295321e-16
0.153472065926,0.0523801445961,0.5,logistic,0.31622776601683794,"(25, 25)","{'MLP__hidden_layer_sizes': (25, 25), 'MLP__activation': 'logistic', 'MLP__alpha': 0.31622776601683794}",90,0.5,0.5,0.5,0.5,0.0286108320379,0.0371914494741,1.24044295321e-16
0.328146278858,0.00956916809082,0.5,logistic,0.31622776601683794,"(50, 50)","{'MLP__hidden_layer_sizes': (50, 50), 'MLP__activation': 'logistic', 'MLP__alpha': 0.31622776601683794}",90,0.5,0.5,0.5,0.5,0.0873974287779,0.00539360604819,1.24044295321e-16
0.357996940613,0.0211448073387,0.5,logistic,0.31622776601683794,"(100, 100)","{'MLP__hidden_layer_sizes': (100, 100), 'MLP__activation': 'logistic', 'MLP__alpha': 0.31622776601683794}",90,0.5,0.5,0.5,0.5,0.0848747736715,0.014663673048,1.24044295321e-16
0.205874979496,0.0512412190437,0.5,logistic,0.31622776601683794,"(25, 25, 25)","{'MLP__hidden_layer_sizes': (25, 25, 25), 'MLP__activation': 'logistic', 'MLP__alpha': 0.31622776601683794}",90,0.5,0.5,0.5,0.5,0.0193296602055,0.01042064956,1.24044295321e-16
0.415304243565,0.0129010677338,0.5,logistic,0.31622776601683794,"(50, 50, 50)","{'MLP__hidden_layer_sizes': (50, 50, 50), 'MLP__activation': 'logistic', 'MLP__alpha': 0.31622776601683794}",90,0.5,0.5,0.5,0.5,0.0326461812501,0.00843472623699,1.24044295321e-16
0.301019072533,0.0186792016029,0.5,logistic,0.31622776601683794,"(100, 100, 100)","{'MLP__hidden_layer_sizes': (100, 100, 100), 'MLP__activation': 'logistic', 'MLP__alpha': 0.31622776601683794}",90,0.5,0.5,0.5,0.5,0.0933971468476,0.0159321584529,1.24044295321e-16
0.229229331017,0.0445922017097,0.499112731542,logistic,0.10000000000000001,"(25,)","{'MLP__hidden_layer_sizes': (25,), 'MLP__activation': 'logistic', 'MLP__alpha': 0.10000000000000001}",294,0.498817966903,0.5,0.5,0.497630331754,0.091731955773,0.0351889276048,0.000981607920517
0.223499774933,0.0148689746857,0.5,logistic,0.10000000000000001,"(50,)","{'MLP__hidden_layer_sizes': (50,), 'MLP__activation': 'logistic', 'MLP__alpha': 0.10000000000000001}",90,0.5,0.5,0.5,0.5,0.11091105551,0.00562137237645,1.10899422179e-16
0.293832242489,0.0108759999275,0.5,logistic,0.10000000000000001,"(100,)","{'MLP__hidden_layer_sizes': (100,), 'MLP__activation': 'logistic', 'MLP__alpha': 0.10000000000000001}",90,0.5,0.5,0.5,0.5,0.0867640452107,0.000159646598715,1.24044295321e-16
0.226710259914,0.0253920555115,0.5,logistic,0.10000000000000001,"(25, 25)","{'MLP__hidden_layer_sizes': (25, 25), 'MLP__activation': 'logistic', 'MLP__alpha': 0.10000000000000001}",90,0.5,0.5,0.5,0.5,0.0443389610907,0.00200978108665,1.24044295321e-16
0.310286283493,0.00981295108795,0.5,logistic,0.10000000000000001,"(50, 50)","{'MLP__hidden_layer_sizes': (50, 50), 'MLP__activation': 'logistic', 'MLP__alpha': 0.10000000000000001}",90,0.5,0.5,0.5,0.5,0.0951013087975,0.0023483958975,1.24044295321e-16
0.526900708675,0.0261244773865,0.5,logistic,0.10000000000000001,"(100, 100)","{'MLP__hidden_layer_sizes': (100, 100), 'MLP__activation': 'logistic', 'MLP__alpha': 0.10000000000000001}",90,0.5,0.5,0.5,0.5,0.116720228229,0.0108861281115,1.24044295321e-16
0.259681522846,0.0716997385025,0.5,logistic,0.10000000000000001,"(25, 25, 25)","{'MLP__hidden_layer_sizes': (25, 25, 25), 'MLP__activation': 'logistic', 'MLP__alpha': 0.10000000000000001}",90,0.5,0.5,0.5,0.5,0.0777582197541,0.0258625026025,1.24044295321e-16
0.241294503212,0.00814062356949,0.5,logistic,0.10000000000000001,"(50, 50, 50)","{'MLP__hidden_layer_sizes': (50, 50, 50), 'MLP__activation': 'logistic', 'MLP__alpha': 0.10000000000000001}",90,0.5,0.5,0.5,0.5,0.0700021726245,0.00383299445399,1.24044295321e-16
0.509028315544,0.0404122471809,0.5,logistic,0.10000000000000001,"(100, 100, 100)","{'MLP__hidden_layer_sizes': (100, 100, 100), 'MLP__activation': 'logistic', 'MLP__alpha': 0.10000000000000001}",90,0.5,0.5,0.5,0.5,0.230588628359,0.0357956837017,1.24044295321e-16
0.180226027966,0.0298970341682,0.52177904409,logistic,0.031622776601683791,"(25,)","{'MLP__hidden_layer_sizes': (25,), 'MLP__activation': 'logistic', 'MLP__alpha': 0.031622776601683791}",8,0.554846335697,0.53214849921,0.5,0.5,0.114074897591,0.0166396105612,0.0231894082989
0.159360289574,0.00667667388916,0.504166666667,logistic,0.031622776601683791,"(50,)","{'MLP__hidden_layer_sizes': (50,), 'MLP__activation': 'logistic', 'MLP__alpha': 0.031622776601683791}",52,0.5,0.516666666667,0.5,0.5,0.0935006723134,0.00412865669652,0.00721687836487
0.320250153542,0.0223155617714,0.510158265484,logistic,0.031622776601683791,"(100,)","{'MLP__hidden_layer_sizes': (100,), 'MLP__activation': 'logistic', 'MLP__alpha': 0.031622776601683791}",27,0.542907801418,0.5,0.497630331754,0.5,0.0454586845982,0.0196467686144,0.0189605281054
0.181968510151,0.0296569466591,0.5,logistic,0.031622776601683791,"(25, 25)","{'MLP__hidden_layer_sizes': (25, 25), 'MLP__activation': 'logistic', 'MLP__alpha': 0.031622776601683791}",90,0.5,0.5,0.5,0.5,0.0236907904065,0.0248443470139,1.24044295321e-16
0.388368308544,0.0135477781296,0.5,logistic,0.031622776601683791,"(50, 50)","{'MLP__hidden_layer_sizes': (50, 50), 'MLP__activation': 'logistic', 'MLP__alpha': 0.031622776601683791}",90,0.5,0.5,0.5,0.5,0.0401064797661,0.00578793845566,1.24044295321e-16
0.497173547745,0.0193657279015,0.5,logistic,0.031622776601683791,"(100, 100)","{'MLP__hidden_layer_sizes': (100, 100), 'MLP__activation': 'logistic', 'MLP__alpha': 0.031622776601683791}",90,0.5,0.5,0.5,0.5,0.0482681844083,0.00513150970347,1.24044295321e-16
0.24716925621,0.073555290699,0.5,logistic,0.031622776601683791,"(25, 25, 25)","{'MLP__hidden_layer_sizes': (25, 25, 25), 'MLP__activation': 'logistic', 'MLP__alpha': 0.031622776601683791}",90,0.5,0.5,0.5,0.5,0.0409341434196,0.0245467324683,1.24044295321e-16
0.447264552116,0.0257852673531,0.5,logistic,0.031622776601683791,"(50, 50, 50)","{'MLP__hidden_layer_sizes': (50, 50, 50), 'MLP__activation': 'logistic', 'MLP__alpha': 0.031622776601683791}",90,0.5,0.5,0.5,0.5,0.0138519083827,0.0148168367001,1.24044295321e-16
0.811254024506,0.0287157297134,0.5,logistic,0.031622776601683791,"(100, 100, 100)","{'MLP__hidden_layer_sizes': (100, 100, 100), 'MLP__activation': 'logistic', 'MLP__alpha': 0.031622776601683791}",90,0.5,0.5,0.5,0.5,0.0420643426307,0.0105143726954,1.24044295321e-16
0.0926682949066,0.0711984038353,0.499703837946,logistic,0.01,"(25,)","{'MLP__hidden_layer_sizes': (25,), 'MLP__activation': 'logistic', 'MLP__alpha': 0.01}",271,0.498817966903,0.5,0.5,0.5,0.0271256510337,0.0277258311253,0.000512212248405
0.231803774834,0.015836417675,0.5,logistic,0.01,"(50,)","{'MLP__hidden_layer_sizes': (50,), 'MLP__activation': 'logistic', 'MLP__alpha': 0.01}",90,0.5,0.5,0.5,0.5,0.02509773261,0.00170100948214,1.24044295321e-16
0.403132498264,0.0171757340431,0.504005255464,logistic,0.01,"(100,)","{'MLP__hidden_layer_sizes': (100,), 'MLP__activation': 'logistic', 'MLP__alpha': 0.01}",55,0.5,0.5,0.5,0.516056545187,0.0999136009209,0.00638623911654,0.00694755309544
0.166923224926,0.0550528168678,0.499113340393,logistic,0.01,"(25, 25)","{'MLP__hidden_layer_sizes': (25, 25), 'MLP__activation': 'logistic', 'MLP__alpha': 0.01}",293,0.5,0.5,0.5,0.49644549763,0.0907224675084,0.026212323765,0.00153800793716
0.397988557816,0.0119814276695,0.5,logistic,0.01,"(50, 50)","{'MLP__hidden_layer_sizes': (50, 50), 'MLP__activation': 'logistic', 'MLP__alpha': 0.01}",90,0.5,0.5,0.5,0.5,0.0823844495892,0.00194344168453,1.24044295321e-16
0.41884380579,0.0116137266159,0.5,logistic,0.01,"(100, 100)","{'MLP__hidden_layer_sizes': (100, 100), 'MLP__activation': 'logistic', 'MLP__alpha': 0.01}",90,0.5,0.5,0.5,0.5,0.144072046762,0.00386219139907,1.24044295321e-16
0.255160927773,0.0305348038673,0.5,logistic,0.01,"(25, 25, 25)","{'MLP__hidden_layer_sizes': (25, 25, 25), 'MLP__activation': 'logistic', 'MLP__alpha': 0.01}",90,0.5,0.5,0.5,0.5,0.138047327823,0.0340137877884,1.24044295321e-16
0.42383480072,0.0222972631454,0.5,logistic,0.01,"(50, 50, 50)","{'MLP__hidden_layer_sizes': (50, 50, 50), 'MLP__activation': 'logistic', 'MLP__alpha': 0.01}",90,0.5,0.5,0.5,0.5,0.168102964645,0.0169466571503,1.24044295321e-16
0.880558073521,0.0321810245514,0.5,logistic,0.01,"(100, 100, 100)","{'MLP__hidden_layer_sizes': (100, 100, 100), 'MLP__activation': 'logistic', 'MLP__alpha': 0.01}",90,0.5,0.5,0.5,0.5,0.230678243275,0.0131105169678,1.24044295321e-16
0.160156190395,0.0417242050171,0.499703837946,logistic,0.0031622776601683794,"(25,)","{'MLP__hidden_layer_sizes': (25,), 'MLP__activation': 'logistic', 'MLP__alpha': 0.0031622776601683794}",271,0.498817966903,0.5,0.5,0.5,0.0612129465402,0.0111293199792,0.000512212248405
0.274453997612,0.0183740258217,0.507282687687,logistic,0.0031622776601683794,"(50,)","{'MLP__hidden_layer_sizes': (50,), 'MLP__activation': 'logistic', 'MLP__alpha': 0.0031622776601683794}",36,0.498817966903,0.513112164297,0.5,0.51724137931,0.149338328594,0.0165554550348,0.00802786522676
0.351219236851,0.0128560066223,0.499112122691,logistic,0.0031622776601683794,"(100,)","{'MLP__hidden_layer_sizes': (100,), 'MLP__activation': 'logistic', 'MLP__alpha': 0.0031622776601683794}",295,0.497635933806,0.5,0.5,0.498815165877,0.145082855275,0.00750092286813,0.000980891839238
0.148257017136,0.0318664908409,0.5,logistic,0.0031622776601683794,"(25, 25)","{'MLP__hidden_layer_sizes': (25, 25), 'MLP__activation': 'logistic', 'MLP__alpha': 0.0031622776601683794}",90,0.5,0.5,0.5,0.5,0.0607610662165,0.0353918467962,1.24044295321e-16
0.217425584793,0.0116711854935,0.5,logistic,0.0031622776601683794,"(50, 50)","{'MLP__hidden_layer_sizes': (50, 50), 'MLP__activation': 'logistic', 'MLP__alpha': 0.0031622776601683794}",90,0.5,0.5,0.5,0.5,0.0519489263904,0.0078625049991,1.24044295321e-16
0.518462061882,0.0182196497917,0.5,logistic,0.0031622776601683794,"(100, 100)","{'MLP__hidden_layer_sizes': (100, 100), 'MLP__activation': 'logistic', 'MLP__alpha': 0.0031622776601683794}",90,0.5,0.5,0.5,0.5,0.131151553773,0.00628468803406,1.24044295321e-16
0.207885086536,0.0579690337181,0.5,logistic,0.0031622776601683794,"(25, 25, 25)","{'MLP__hidden_layer_sizes': (25, 25, 25), 'MLP__activation': 'logistic', 'MLP__alpha': 0.0031622776601683794}",90,0.5,0.5,0.5,0.5,0.0310629697414,0.0119566005404,1.24044295321e-16
0.357513964176,0.0140879750252,0.5,logistic,0.0031622776601683794,"(50, 50, 50)","{'MLP__hidden_layer_sizes': (50, 50, 50), 'MLP__activation': 'logistic', 'MLP__alpha': 0.0031622776601683794}",90,0.5,0.5,0.5,0.5,0.0547538593841,0.00675143263913,1.24044295321e-16
0.619740724564,0.0309059619904,0.5,logistic,0.0031622776601683794,"(100, 100, 100)","{'MLP__hidden_layer_sizes': (100, 100, 100), 'MLP__activation': 'logistic', 'MLP__alpha': 0.0031622776601683794}",90,0.5,0.5,0.5,0.5,0.138524267227,0.00685380623311,1.24044295321e-16
0.172847211361,0.020681977272,0.499703791469,logistic,0.001,"(25,)","{'MLP__hidden_layer_sizes': (25,), 'MLP__activation': 'logistic', 'MLP__alpha': 0.001}",283,0.5,0.5,0.498815165877,0.5,0.108002669866,0.0141082688648,0.000513048224991
0.271694481373,0.00895148515701,0.50341414906,logistic,0.001,"(50,)","{'MLP__hidden_layer_sizes': (50,), 'MLP__activation': 'logistic', 'MLP__alpha': 0.001}",64,0.5,0.5,0.5,0.513686876941,0.121338354613,0.00437751111,0.00592221447067
0.321394324303,0.00656324625015,0.499704446798,logistic,0.001,"(100,)","{'MLP__hidden_layer_sizes': (100,), 'MLP__activation': 'logistic', 'MLP__alpha': 0.001}",265,0.5,0.5,0.5,0.498815165877,0.0892848907585,0.00498144329929,0.000512669312386
0.0707868337631,0.0377949476242,0.5,logistic,0.001,"(25, 25)","{'MLP__hidden_layer_sizes': (25, 25), 'MLP__activation': 'logistic', 'MLP__alpha': 0.001}",90,0.5,0.5,0.5,0.5,0.0390730476964,0.0373472813114,1.35898767885e-16
0.236746490002,0.0103293061256,0.5,logistic,0.001,"(50, 50)","{'MLP__hidden_layer_sizes': (50, 50), 'MLP__activation': 'logistic', 'MLP__alpha': 0.001}",90,0.5,0.5,0.5,0.5,0.087761411529,0.00248336016819,1.24044295321e-16
0.417984247208,0.011914730072,0.5,logistic,0.001,"(100, 100)","{'MLP__hidden_layer_sizes': (100, 100), 'MLP__activation': 'logistic', 'MLP__alpha': 0.001}",90,0.5,0.5,0.5,0.5,0.130548040901,0.00572291278481,1.24044295321e-16
0.194223284721,0.0513147711754,0.5,logistic,0.001,"(25, 25, 25)","{'MLP__hidden_layer_sizes': (25, 25, 25), 'MLP__activation': 'logistic', 'MLP__alpha': 0.001}",90,0.5,0.5,0.5,0.5,0.0686052147391,0.0262967337025,1.24044295321e-16
0.478873729706,0.0142865180969,0.5,logistic,0.001,"(50, 50, 50)","{'MLP__hidden_layer_sizes': (50, 50, 50), 'MLP__activation': 'logistic', 'MLP__alpha': 0.001}",90,0.5,0.5,0.5,0.5,0.0928613466663,0.00655918755299,1.24044295321e-16
0.53718650341,0.0244867801666,0.5,logistic,0.001,"(100, 100, 100)","{'MLP__hidden_layer_sizes': (100, 100, 100), 'MLP__activation': 'logistic', 'MLP__alpha': 0.001}",90,0.5,0.5,0.5,0.5,0.126653159599,0.00719814008373,1.24044295321e-16
0.243994235992,0.0223987698555,0.513448192639,logistic,0.00031622776601683794,"(25,)","{'MLP__hidden_layer_sizes': (25,), 'MLP__activation': 'logistic', 'MLP__alpha': 0.00031622776601683794}",18,0.558392434988,0.5,0.5,0.495260663507,0.0869142765303,0.00827001300377,0.0260586649315
0.20685750246,0.0133925080299,0.499703837946,logistic,0.00031622776601683794,"(50,)","{'MLP__hidden_layer_sizes': (50,), 'MLP__activation': 'logistic', 'MLP__alpha': 0.00031622776601683794}",271,0.498817966903,0.5,0.5,0.5,0.0674581233993,0.0014337529509,0.000512212248405
0.258520722389,0.0177802443504,0.503880331754,logistic,0.00031622776601683794,"(100,)","{'MLP__hidden_layer_sizes': (100,), 'MLP__activation': 'logistic', 'MLP__alpha': 0.00031622776601683794}",59,0.516666666667,0.5,0.5,0.498815165877,0.0274029614075,0.0176894979199,0.007408865608
0.0775343179703,0.0405237078667,0.5,logistic,0.00031622776601683794,"(25, 25)","{'MLP__hidden_layer_sizes': (25, 25), 'MLP__activation': 'logistic', 'MLP__alpha': 0.00031622776601683794}",90,0.5,0.5,0.5,0.5,0.0418522459053,0.0281309869041,1.24044295321e-16
0.417435765266,0.0122389793396,0.5,logistic,0.00031622776601683794,"(50, 50)","{'MLP__hidden_layer_sizes': (50, 50), 'MLP__activation': 'logistic', 'MLP__alpha': 0.00031622776601683794}",90,0.5,0.5,0.5,0.5,0.192355589736,0.00413892543462,1.24044295321e-16
0.392026722431,0.0122532844543,0.5,logistic,0.00031622776601683794,"(100, 100)","{'MLP__hidden_layer_sizes': (100, 100), 'MLP__activation': 'logistic', 'MLP__alpha': 0.00031622776601683794}",90,0.5,0.5,0.5,0.5,0.11201249236,0.00289553257048,1.24044295321e-16
0.258376538754,0.0733742713928,0.5,logistic,0.00031622776601683794,"(25, 25, 25)","{'MLP__hidden_layer_sizes': (25, 25, 25), 'MLP__activation': 'logistic', 'MLP__alpha': 0.00031622776601683794}",90,0.5,0.5,0.5,0.5,0.137713247323,0.0420179076128,1.24044295321e-16
0.455514490604,0.0177595615387,0.5,logistic,0.00031622776601683794,"(50, 50, 50)","{'MLP__hidden_layer_sizes': (50, 50, 50), 'MLP__activation': 'logistic', 'MLP__alpha': 0.00031622776601683794}",90,0.5,0.5,0.5,0.5,0.201802999719,0.00813357808176,1.24044295321e-16
0.70960432291,0.0233647823334,0.5,logistic,0.00031622776601683794,"(100, 100, 100)","{'MLP__hidden_layer_sizes': (100, 100, 100), 'MLP__activation': 'logistic', 'MLP__alpha': 0.00031622776601683794}",90,0.5,0.5,0.5,0.5,0.295143151082,0.0090622317096,1.24044295321e-16
0.131488740444,0.0261620283127,0.518799368088,logistic,0.0001,"(25,)","{'MLP__hidden_layer_sizes': (25,), 'MLP__activation': 'logistic', 'MLP__alpha': 0.0001}",11,0.5,0.5,0.575197472354,0.5,0.0825973501316,0.0188745853999,0.0325614606794
0.106944978237,0.00360149145126,0.49822363653,logistic,0.0001,"(50,)","{'MLP__hidden_layer_sizes': (50,), 'MLP__activation': 'logistic', 'MLP__alpha': 0.0001}",313,0.494089834515,0.5,0.5,0.498815165877,0.0795923113852,0.00344938040295,0.00243855450547
0.264964997768,0.0128162503242,0.505643649905,logistic,0.0001,"(100,)","{'MLP__hidden_layer_sizes': (100,), 'MLP__activation': 'logistic', 'MLP__alpha': 0.0001}",46,0.495271867612,0.5,0.5,0.527373753881,0.0738491447985,0.00472695559317,0.0126754306236
0.129805505276,0.0186412930489,0.5,logistic,0.0001,"(25, 25)","{'MLP__hidden_layer_sizes': (25, 25), 'MLP__activation': 'logistic', 'MLP__alpha': 0.0001}",90,0.5,0.5,0.5,0.5,0.0691070001206,0.0214538879478,1.10899422179e-16
0.249136269093,0.00710850954056,0.5,logistic,0.0001,"(50, 50)","{'MLP__hidden_layer_sizes': (50, 50), 'MLP__activation': 'logistic', 'MLP__alpha': 0.0001}",90,0.5,0.5,0.5,0.5,0.0571246761555,0.00523941049925,1.24044295321e-16
0.336327493191,0.0346242189407,0.5,logistic,0.0001,"(100, 100)","{'MLP__hidden_layer_sizes': (100, 100), 'MLP__activation': 'logistic', 'MLP__alpha': 0.0001}",90,0.5,0.5,0.5,0.5,0.19474052257,0.0361687289452,1.24044295321e-16
0.233911991119,0.0576893091202,0.5,logistic,0.0001,"(25, 25, 25)","{'MLP__hidden_layer_sizes': (25, 25, 25), 'MLP__activation': 'logistic', 'MLP__alpha': 0.0001}",90,0.5,0.5,0.5,0.5,0.102037450945,0.0335885558283,1.24044295321e-16
0.527915000916,0.0111305117607,0.5,logistic,0.0001,"(50, 50, 50)","{'MLP__hidden_layer_sizes': (50, 50, 50), 'MLP__activation': 'logistic', 'MLP__alpha': 0.0001}",90,0.5,0.5,0.5,0.5,0.318047028686,0.00560078054701,1.24044295321e-16
0.716228961945,0.0263902544975,0.5,logistic,0.0001,"(100, 100, 100)","{'MLP__hidden_layer_sizes': (100, 100, 100), 'MLP__activation': 'logistic', 'MLP__alpha': 0.0001}",90,0.5,0.5,0.5,0.5,0.0809279039387,0.0125162682133,1.24044295321e-16
0.104033172131,0.0817577242851,0.509651340775,logistic,3.1622776601683795e-05,"(25,)","{'MLP__hidden_layer_sizes': (25,), 'MLP__activation': 'logistic', 'MLP__alpha': 3.1622776601683795e-05}",30,0.5,0.5,0.5,0.538690962576,0.0179183943911,0.054693814442,0.0167413047872
0.34211653471,0.0317611694336,0.503870458136,logistic,3.1622776601683795e-05,"(50,)","{'MLP__hidden_layer_sizes': (50,), 'MLP__activation': 'logistic', 'MLP__alpha': 3.1622776601683795e-05}",61,0.5,0.515481832543,0.5,0.5,0.219904100392,0.0239739227984,0.00670383013988
0.268818676472,0.00726854801178,0.5,logistic,3.1622776601683795e-05,"(100,)","{'MLP__hidden_layer_sizes': (100,), 'MLP__activation': 'logistic', 'MLP__alpha': 3.1622776601683795e-05}",90,0.5,0.5,0.5,0.5,0.122774393709,0.00511189066748,1.24044295321e-16
0.160878896713,0.0391625761986,0.5,logistic,3.1622776601683795e-05,"(25, 25)","{'MLP__hidden_layer_sizes': (25, 25), 'MLP__activation': 'logistic', 'MLP__alpha': 3.1622776601683795e-05}",90,0.5,0.5,0.5,0.5,0.112798436226,0.0245234066371,1.24044295321e-16
0.380895018578,0.0277272462845,0.5,logistic,3.1622776601683795e-05,"(50, 50)","{'MLP__hidden_layer_sizes': (50, 50), 'MLP__activation': 'logistic', 'MLP__alpha': 3.1622776601683795e-05}",90,0.5,0.5,0.5,0.5,0.0482077499101,0.0266684612532,1.24044295321e-16
0.42052423954,0.0162397623062,0.5,logistic,3.1622776601683795e-05,"(100, 100)","{'MLP__hidden_layer_sizes': (100, 100), 'MLP__activation': 'logistic', 'MLP__alpha': 3.1622776601683795e-05}",90,0.5,0.5,0.5,0.5,0.180186697794,0.00698384823744,1.24044295321e-16
0.17135477066,0.0938989520073,0.5,logistic,3.1622776601683795e-05,"(25, 25, 25)","{'MLP__hidden_layer_sizes': (25, 25, 25), 'MLP__activation': 'logistic', 'MLP__alpha': 3.1622776601683795e-05}",90,0.5,0.5,0.5,0.5,0.0186611926325,0.0204490000845,1.24044295321e-16
0.600514411926,0.014735519886,0.5,logistic,3.1622776601683795e-05,"(50, 50, 50)","{'MLP__hidden_layer_sizes': (50, 50, 50), 'MLP__activation': 'logistic', 'MLP__alpha': 3.1622776601683795e-05}",90,0.5,0.5,0.5,0.5,0.208512650652,0.00511596115228,1.24044295321e-16
0.647515535355,0.0239496827126,0.5,logistic,3.1622776601683795e-05,"(100, 100, 100)","{'MLP__hidden_layer_sizes': (100, 100, 100), 'MLP__activation': 'logistic', 'MLP__alpha': 3.1622776601683795e-05}",90,0.5,0.5,0.5,0.5,0.131351936515,0.00870410783093,1.24044295321e-16
0.197957575321,0.0460014343262,0.5,logistic,1.0000000000000001e-05,"(25,)","{'MLP__hidden_layer_sizes': (25,), 'MLP__activation': 'logistic', 'MLP__alpha': 1.0000000000000001e-05}",90,0.5,0.5,0.5,0.5,0.139584518255,0.0111537619727,1.24044295321e-16
0.205541968346,0.0144855380058,0.515518891609,logistic,1.0000000000000001e-05,"(50,)","{'MLP__hidden_layer_sizes': (50,), 'MLP__activation': 'logistic', 'MLP__alpha': 1.0000000000000001e-05}",14,0.561938534279,0.5,0.5,0.5,0.024166162187,0.00202617526211,0.0268399218164
0.175291657448,0.00692576169968,0.499704446798,logistic,1.0000000000000001e-05,"(100,)","{'MLP__hidden_layer_sizes': (100,), 'MLP__activation': 'logistic', 'MLP__alpha': 1.0000000000000001e-05}",265,0.5,0.5,0.5,0.498815165877,0.125308358049,0.00441482431988,0.000512669312386
0.114407539368,0.0419507622719,0.5,logistic,1.0000000000000001e-05,"(25, 25)","{'MLP__hidden_layer_sizes': (25, 25), 'MLP__activation': 'logistic', 'MLP__alpha': 1.0000000000000001e-05}",90,0.5,0.5,0.5,0.5,0.0690087666038,0.0428868307335,1.24044295321e-16
0.382426261902,0.0183999538422,0.509834123223,logistic,1.0000000000000001e-05,"(50, 50)","{'MLP__hidden_layer_sizes': (50, 50), 'MLP__activation': 'logistic', 'MLP__alpha': 1.0000000000000001e-05}",29,0.5,0.5,0.539336492891,0.5,0.0453828313798,0.0198014882937,0.0170332010697
0.550491988659,0.0194047689438,0.5,logistic,1.0000000000000001e-05,"(100, 100)","{'MLP__hidden_layer_sizes': (100, 100), 'MLP__activation': 'logistic', 'MLP__alpha': 1.0000000000000001e-05}",90,0.5,0.5,0.5,0.5,0.0896878496035,0.00484894023511,1.24044295321e-16
0.218541443348,0.0725500583649,0.5,logistic,1.0000000000000001e-05,"(25, 25, 25)","{'MLP__hidden_layer_sizes': (25, 25, 25), 'MLP__activation': 'logistic', 'MLP__alpha': 1.0000000000000001e-05}",90,0.5,0.5,0.5,0.5,0.0340171626231,0.0251487985006,1.24044295321e-16
0.347166955471,0.0150542259216,0.508037124803,logistic,1.0000000000000001e-05,"(50, 50, 50)","{'MLP__hidden_layer_sizes': (50, 50, 50), 'MLP__activation': 'logistic', 'MLP__alpha': 1.0000000000000001e-05}",32,0.5,0.53214849921,0.5,0.5,0.108822199183,0.00344107085855,0.0139207085047
0.691729962826,0.0211499929428,0.5,logistic,1.0000000000000001e-05,"(100, 100, 100)","{'MLP__hidden_layer_sizes': (100, 100, 100), 'MLP__activation': 'logistic', 'MLP__alpha': 1.0000000000000001e-05}",90,0.5,0.5,0.5,0.5,0.149279097829,0.0101925343739,1.24044295321e-16
0.174177289009,0.0424371957779,0.521873006448,logistic,3.1622776601683792e-06,"(25,)","{'MLP__hidden_layer_sizes': (25,), 'MLP__activation': 'logistic', 'MLP__alpha': 3.1622776601683792e-06}",7,0.497635933806,0.530963665087,0.516745655608,0.542245464945,0.0690605772593,0.0260398236939,0.0166717123407
0.320336282253,0.0116689801216,0.503879722902,logistic,3.1622776601683792e-06,"(50,)","{'MLP__hidden_layer_sizes': (50,), 'MLP__activation': 'logistic', 'MLP__alpha': 3.1622776601683792e-06}",60,0.51548463357,0.5,0.5,0.5,0.084493670697,0.000587105869037,0.00670998045411
0.211844444275,0.00822645425797,0.5,logistic,3.1622776601683792e-06,"(100,)","{'MLP__hidden_layer_sizes': (100,), 'MLP__activation': 'logistic', 'MLP__alpha': 3.1622776601683792e-06}",90,0.5,0.5,0.5,0.5,0.09908557867,0.00463621349507,1.24044295321e-16
0.118266284466,0.023343205452,0.5,logistic,3.1622776601683792e-06,"(25, 25)","{'MLP__hidden_layer_sizes': (25, 25), 'MLP__activation': 'logistic', 'MLP__alpha': 3.1622776601683792e-06}",90,0.5,0.5,0.5,0.5,0.0857984305985,0.0222523109567,1.24044295321e-16
0.121917009354,0.00534105300903,0.5,logistic,3.1622776601683792e-06,"(50, 50)","{'MLP__hidden_layer_sizes': (50, 50), 'MLP__activation': 'logistic', 'MLP__alpha': 3.1622776601683792e-06}",90,0.5,0.5,0.5,0.5,0.0789317888582,0.003591825718,1.24044295321e-16
0.2913377285,0.01016497612,0.5,logistic,3.1622776601683792e-06,"(100, 100)","{'MLP__hidden_layer_sizes': (100, 100), 'MLP__activation': 'logistic', 'MLP__alpha': 3.1622776601683792e-06}",90,0.5,0.5,0.5,0.5,0.172414122488,0.00652519732227,1.24044295321e-16
0.238222718239,0.0618902444839,0.5,logistic,3.1622776601683792e-06,"(25, 25, 25)","{'MLP__hidden_layer_sizes': (25, 25, 25), 'MLP__activation': 'logistic', 'MLP__alpha': 3.1622776601683792e-06}",90,0.5,0.5,0.5,0.5,0.124529513682,0.0568614461604,1.24044295321e-16
0.583025157452,0.0139750242233,0.5,logistic,3.1622776601683792e-06,"(50, 50, 50)","{'MLP__hidden_layer_sizes': (50, 50, 50), 'MLP__activation': 'logistic', 'MLP__alpha': 3.1622776601683792e-06}",90,0.5,0.5,0.5,0.5,0.173412543035,0.00379447337946,1.24044295321e-16
0.522009789944,0.0191205143929,0.5,logistic,3.1622776601683792e-06,"(100, 100, 100)","{'MLP__hidden_layer_sizes': (100, 100, 100), 'MLP__activation': 'logistic', 'MLP__alpha': 3.1622776601683792e-06}",90,0.5,0.5,0.5,0.5,0.162183599358,0.00970830847837,1.24044295321e-16
0.225283443928,0.0609897375107,0.514578479158,logistic,9.9999999999999995e-07,"(25,)","{'MLP__hidden_layer_sizes': (25,), 'MLP__activation': 'logistic', 'MLP__alpha': 9.9999999999999995e-07}",17,0.51548463357,0.516666666667,0.498815165877,0.527373753881,0.120967555478,0.0411291292426,0.0102105625465
0.237176775932,0.0115410685539,0.498519143255,logistic,9.9999999999999995e-07,"(50,)","{'MLP__hidden_layer_sizes': (50,), 'MLP__activation': 'logistic', 'MLP__alpha': 9.9999999999999995e-07}",312,0.495271867612,0.5,0.498815165877,0.5,0.114213991073,0.00143573663395,0.00193886432367
0.229549705982,0.00686281919479,0.499703791469,logistic,9.9999999999999995e-07,"(100,)","{'MLP__hidden_layer_sizes': (100,), 'MLP__activation': 'logistic', 'MLP__alpha': 9.9999999999999995e-07}",278,0.5,0.5,0.498815165877,0.5,0.0595452551213,0.00314480630363,0.000513048224991
0.213131070137,0.0541599988937,0.5,logistic,9.9999999999999995e-07,"(25, 25)","{'MLP__hidden_layer_sizes': (25, 25), 'MLP__activation': 'logistic', 'MLP__alpha': 9.9999999999999995e-07}",90,0.5,0.5,0.5,0.5,0.115018296447,0.0206973348594,1.24044295321e-16
0.361804008484,0.0113230347633,0.5,logistic,9.9999999999999995e-07,"(50, 50)","{'MLP__hidden_layer_sizes': (50, 50), 'MLP__activation': 'logistic', 'MLP__alpha': 9.9999999999999995e-07}",90,0.5,0.5,0.5,0.5,0.0550679938392,0.00219614875895,1.24044295321e-16
0.597286820412,0.0189084410667,0.5,logistic,9.9999999999999995e-07,"(100, 100)","{'MLP__hidden_layer_sizes': (100, 100), 'MLP__activation': 'logistic', 'MLP__alpha': 9.9999999999999995e-07}",90,0.5,0.5,0.5,0.5,0.0302778944468,0.00198648787986,1.24044295321e-16
0.141038537025,0.0918630361557,0.5,logistic,9.9999999999999995e-07,"(25, 25, 25)","{'MLP__hidden_layer_sizes': (25, 25, 25), 'MLP__activation': 'logistic', 'MLP__alpha': 9.9999999999999995e-07}",90,0.5,0.5,0.5,0.5,0.0665665290155,0.0268815662707,1.24044295321e-16
0.387097299099,0.0122454762459,0.5,logistic,9.9999999999999995e-07,"(50, 50, 50)","{'MLP__hidden_layer_sizes': (50, 50, 50), 'MLP__activation': 'logistic', 'MLP__alpha': 9.9999999999999995e-07}",90,0.5,0.5,0.5,0.5,0.0992554303787,0.00654873834476,1.24044295321e-16
0.594757497311,0.0202887654305,0.5,logistic,9.9999999999999995e-07,"(100, 100, 100)","{'MLP__hidden_layer_sizes': (100, 100, 100), 'MLP__activation': 'logistic', 'MLP__alpha': 9.9999999999999995e-07}",90,0.5,0.5,0.5,0.5,0.127762845806,0.00528612706029,1.24044295321e-16
0.120446622372,0.0832928419113,0.502993672147,logistic,3.1622776601683792e-07,"(25,)","{'MLP__hidden_layer_sizes': (25,), 'MLP__activation': 'logistic', 'MLP__alpha': 3.1622776601683792e-07}",70,0.516666666667,0.5,0.5,0.495260663507,0.0370103789652,0.0288104349911,0.00813872926073
0.256763160229,0.0137754678726,0.499112122691,logistic,3.1622776601683792e-07,"(50,)","{'MLP__hidden_layer_sizes': (50,), 'MLP__activation': 'logistic', 'MLP__alpha': 3.1622776601683792e-07}",295,0.497635933806,0.5,0.5,0.498815165877,0.0614895053342,0.00197659467842,0.000980891839238
0.345090568066,0.012549996376,0.502409162717,logistic,3.1622776601683792e-07,"(100,)","{'MLP__hidden_layer_sizes': (100,), 'MLP__activation': 'logistic', 'MLP__alpha': 3.1622776601683792e-07}",77,0.5,0.516666666667,0.492969984202,0.5,0.036565237762,0.000524958636474,0.00871754896606
0.147813498974,0.0452308058739,0.5,logistic,3.1622776601683792e-07,"(25, 25)","{'MLP__hidden_layer_sizes': (25, 25), 'MLP__activation': 'logistic', 'MLP__alpha': 3.1622776601683792e-07}",90,0.5,0.5,0.5,0.5,0.0556803883163,0.0241406242647,1.10899422179e-16
0.302541732788,0.011210501194,0.5,logistic,3.1622776601683792e-07,"(50, 50)","{'MLP__hidden_layer_sizes': (50, 50), 'MLP__activation': 'logistic', 'MLP__alpha': 3.1622776601683792e-07}",90,0.5,0.5,0.5,0.5,0.00904982315085,0.00240559871715,1.24044295321e-16
0.467975974083,0.018075466156,0.5,logistic,3.1622776601683792e-07,"(100, 100)","{'MLP__hidden_layer_sizes': (100, 100), 'MLP__activation': 'logistic', 'MLP__alpha': 3.1622776601683792e-07}",90,0.5,0.5,0.5,0.5,0.0825908867539,0.00506844760315,1.24044295321e-16
0.230062246323,0.0663142204285,0.5,logistic,3.1622776601683792e-07,"(25, 25, 25)","{'MLP__hidden_layer_sizes': (25, 25, 25), 'MLP__activation': 'logistic', 'MLP__alpha': 3.1622776601683792e-07}",90,0.5,0.5,0.5,0.5,0.153346973521,0.0147795864268,1.24044295321e-16
0.336474239826,0.0200329422951,0.5,logistic,3.1622776601683792e-07,"(50, 50, 50)","{'MLP__hidden_layer_sizes': (50, 50, 50), 'MLP__activation': 'logistic', 'MLP__alpha': 3.1622776601683792e-07}",90,0.5,0.5,0.5,0.5,0.0519065809533,0.0186846490071,1.24044295321e-16
0.447121739388,0.0271145105362,0.5,logistic,3.1622776601683792e-07,"(100, 100, 100)","{'MLP__hidden_layer_sizes': (100, 100, 100), 'MLP__activation': 'logistic', 'MLP__alpha': 3.1622776601683792e-07}",90,0.5,0.5,0.5,0.5,0.105542539961,0.00810469444246,1.24044295321e-16
0.149843215942,0.0629482865334,0.5,logistic,9.9999999999999995e-08,"(25,)","{'MLP__hidden_layer_sizes': (25,), 'MLP__activation': 'logistic', 'MLP__alpha': 9.9999999999999995e-08}",90,0.5,0.5,0.5,0.5,0.0534963480652,0.0554150297484,1.24044295321e-16
0.275376498699,0.00798469781876,0.503279398209,logistic,9.9999999999999995e-08,"(50,)","{'MLP__hidden_layer_sizes': (50,), 'MLP__activation': 'logistic', 'MLP__alpha': 9.9999999999999995e-08}",65,0.498817966903,0.516666666667,0.5,0.497630331754,0.13396954262,0.00167524408171,0.0077743675794
0.3284522295,0.0110937952995,0.5,logistic,9.9999999999999995e-08,"(100,)","{'MLP__hidden_layer_sizes': (100,), 'MLP__activation': 'logistic', 'MLP__alpha': 9.9999999999999995e-08}",90,0.5,0.5,0.5,0.5,0.0556487466611,0.000137251301155,1.24044295321e-16
0.162903726101,0.0509144663811,0.5,logistic,9.9999999999999995e-08,"(25, 25)","{'MLP__hidden_layer_sizes': (25, 25), 'MLP__activation': 'logistic', 'MLP__alpha': 9.9999999999999995e-08}",90,0.5,0.5,0.5,0.5,0.0506691090938,0.0281647729771,1.24044295321e-16
0.317489564419,0.0137152671814,0.5,logistic,9.9999999999999995e-08,"(50, 50)","{'MLP__hidden_layer_sizes': (50, 50), 'MLP__activation': 'logistic', 'MLP__alpha': 9.9999999999999995e-08}",90,0.5,0.5,0.5,0.5,0.0522209887358,0.00335285287308,1.24044295321e-16
0.493819236755,0.018983066082,0.5,logistic,9.9999999999999995e-08,"(100, 100)","{'MLP__hidden_layer_sizes': (100, 100), 'MLP__activation': 'logistic', 'MLP__alpha': 9.9999999999999995e-08}",90,0.5,0.5,0.5,0.5,0.0701327059616,0.00514648864636,1.24044295321e-16
0.221790730953,0.045325756073,0.5,logistic,9.9999999999999995e-08,"(25, 25, 25)","{'MLP__hidden_layer_sizes': (25, 25, 25), 'MLP__activation': 'logistic', 'MLP__alpha': 9.9999999999999995e-08}",90,0.5,0.5,0.5,0.5,0.0315249025506,0.0265936142873,1.24044295321e-16
0.439202547073,0.0163539648056,0.5,logistic,9.9999999999999995e-08,"(50, 50, 50)","{'MLP__hidden_layer_sizes': (50, 50, 50), 'MLP__activation': 'logistic', 'MLP__alpha': 9.9999999999999995e-08}",90,0.5,0.5,0.5,0.5,0.114014796933,0.00730388538927,1.24044295321e-16
0.558664560318,0.0237864851952,0.5,logistic,9.9999999999999995e-08,"(100, 100, 100)","{'MLP__hidden_layer_sizes': (100, 100, 100), 'MLP__activation': 'logistic', 'MLP__alpha': 9.9999999999999995e-08}",90,0.5,0.5,0.5,0.5,0.0379345661837,0.00513102903567,1.24044295321e-16
0.103459656239,0.0730198025703,0.510861164763,logistic,3.1622776601683792e-08,"(25,)","{'MLP__hidden_layer_sizes': (25,), 'MLP__activation': 'logistic', 'MLP__alpha': 3.1622776601683792e-08}",25,0.5,0.516666666667,0.497630331754,0.52921228959,0.0690242161811,0.0580672240818,0.012874426284
0.235255181789,0.0124205350876,0.506280322659,logistic,3.1622776601683792e-08,"(50,)","{'MLP__hidden_layer_sizes': (50,), 'MLP__activation': 'logistic', 'MLP__alpha': 3.1622776601683792e-08}",44,0.532151300236,0.49644549763,0.5,0.49644549763,0.117966517367,0.00384523342766,0.0150288412585
0.264589726925,0.0328544974327,0.5,logistic,3.1622776601683792e-08,"(100,)","{'MLP__hidden_layer_sizes': (100,), 'MLP__activation': 'logistic', 'MLP__alpha': 3.1622776601683792e-08}",90,0.5,0.5,0.5,0.5,0.0250541065951,0.0381876571016,1.24044295321e-16
0.148997306824,0.0609450340271,0.5,logistic,3.1622776601683792e-08,"(25, 25)","{'MLP__hidden_layer_sizes': (25, 25), 'MLP__activation': 'logistic', 'MLP__alpha': 3.1622776601683792e-08}",90,0.5,0.5,0.5,0.5,0.0283709339594,0.0335989740569,1.24044295321e-16
0.450285613537,0.0153474807739,0.5,logistic,3.1622776601683792e-08,"(50, 50)","{'MLP__hidden_layer_sizes': (50, 50), 'MLP__activation': 'logistic', 'MLP__alpha': 3.1622776601683792e-08}",90,0.5,0.5,0.5,0.5,0.146060005211,0.00270614442685,1.24044295321e-16
0.394668698311,0.0459679365158,0.5,logistic,3.1622776601683792e-08,"(100, 100)","{'MLP__hidden_layer_sizes': (100, 100), 'MLP__activation': 'logistic', 'MLP__alpha': 3.1622776601683792e-08}",90,0.5,0.5,0.5,0.5,0.083672306863,0.0552321726021,1.24044295321e-16
0.144741952419,0.0773425102234,0.5,logistic,3.1622776601683792e-08,"(25, 25, 25)","{'MLP__hidden_layer_sizes': (25, 25, 25), 'MLP__activation': 'logistic', 'MLP__alpha': 3.1622776601683792e-08}",90,0.5,0.5,0.5,0.5,0.0415007283494,0.0408761540111,1.24044295321e-16
0.435104727745,0.0142430663109,0.5,logistic,3.1622776601683792e-08,"(50, 50, 50)","{'MLP__hidden_layer_sizes': (50, 50, 50), 'MLP__activation': 'logistic', 'MLP__alpha': 3.1622776601683792e-08}",90,0.5,0.5,0.5,0.5,0.0976687953116,0.00574202273094,1.24044295321e-16
0.704180061817,0.0250825285912,0.5,logistic,3.1622776601683792e-08,"(100, 100, 100)","{'MLP__hidden_layer_sizes': (100, 100, 100), 'MLP__activation': 'logistic', 'MLP__alpha': 3.1622776601683792e-08}",90,0.5,0.5,0.5,0.5,0.189748186572,0.0044774442729,1.24044295321e-16
0.159707427025,0.101565420628,0.4955800307,relu,10.0,"(25,)","{'MLP__hidden_layer_sizes': (25,), 'MLP__activation': 'relu', 'MLP__alpha': 10.0}",324,0.479905437352,0.49644549763,0.510742496051,0.495260663507,0.0203326360323,0.0277530642804,0.0109200229303
0.274794816971,0.00904929637909,0.511765965449,relu,10.0,"(50,)","{'MLP__hidden_layer_sizes': (50,), 'MLP__activation': 'relu', 'MLP__alpha': 10.0}",24,0.498817966903,0.536966824645,0.495260663507,0.516056545187,0.0954287919895,0.000704895536684,0.016537066077
0.449548184872,0.021031498909,0.499408893596,relu,10.0,"(100,)","{'MLP__hidden_layer_sizes': (100,), 'MLP__activation': 'relu', 'MLP__alpha': 10.0}",284,0.5,0.5,0.5,0.497630331754,0.109887065971,0.0286604088209,0.00102533862477
0.152819931507,0.0210977196693,0.505963665087,relu,10.0,"(25, 25)","{'MLP__hidden_layer_sizes': (25, 25), 'MLP__activation': 'relu', 'MLP__alpha': 10.0}",45,0.5,0.525039494471,0.498815165877,0.5,0.119284697833,0.0265076115454,0.0110240522288
0.12626928091,0.00341403484344,0.499703837946,relu,10.0,"(50, 50)","{'MLP__hidden_layer_sizes': (50, 50), 'MLP__activation': 'relu', 'MLP__alpha': 10.0}",271,0.498817966903,0.5,0.5,0.5,0.101468604501,0.00198493558825,0.000512212248405
0.341441035271,0.00797665119171,0.499704446798,relu,10.0,"(100, 100)","{'MLP__hidden_layer_sizes': (100, 100), 'MLP__activation': 'relu', 'MLP__alpha': 10.0}",265,0.5,0.5,0.5,0.498815165877,0.142665501656,0.00382315584698,0.000512669312386
0.172834217548,0.0200504660606,0.503117378155,relu,10.0,"(25, 25, 25)","{'MLP__hidden_layer_sizes': (25, 25, 25), 'MLP__activation': 'relu', 'MLP__alpha': 10.0}",68,0.497635933806,0.5,0.5,0.514871711064,0.102098120334,0.0165759804473,0.00684484236573
0.27528077364,0.00385320186615,0.514593206951,relu,10.0,"(50, 50, 50)","{'MLP__hidden_layer_sizes': (50, 50, 50), 'MLP__activation': 'relu', 'MLP__alpha': 10.0}",16,0.5,0.5,0.558372827804,0.5,0.070886930867,0.00224402388861,0.0252761758845
0.511476576328,0.00823873281479,0.5,relu,10.0,"(100, 100, 100)","{'MLP__hidden_layer_sizes': (100, 100, 100), 'MLP__activation': 'relu', 'MLP__alpha': 10.0}",90,0.5,0.5,0.5,0.5,0.102324267472,0.00273523001219,1.24044295321e-16
0.23245126009,0.0450972914696,0.506872739721,relu,3.1622776601683795,"(25,)","{'MLP__hidden_layer_sizes': (25,), 'MLP__activation': 'relu', 'MLP__alpha': 3.1622776601683795}",41,0.498817966903,0.531042654028,0.498815165877,0.498815165877,0.116234692196,0.0306739633472,0.0139545065789
0.137999951839,0.00275558233261,0.521018339988,relu,3.1622776601683795,"(50,)","{'MLP__hidden_layer_sizes': (50,), 'MLP__activation': 'relu', 'MLP__alpha': 3.1622776601683795}",10,0.545271867612,0.527409162717,0.5,0.511317208694,0.108181239717,0.00279354799551,0.017073751573
0.247953295708,0.00946819782257,0.506989100471,relu,3.1622776601683795,"(100,)","{'MLP__hidden_layer_sizes': (100,), 'MLP__activation': 'relu', 'MLP__alpha': 3.1622776601683795}",39,0.498817966903,0.516666666667,0.5,0.512502042817,0.0897809596553,0.0117497281232,0.00774182222392
0.221505224705,0.0626639127731,0.502103968283,relu,3.1622776601683795,"(25, 25)","{'MLP__hidden_layer_sizes': (25, 25), 'MLP__activation': 'relu', 'MLP__alpha': 3.1622776601683795}",81,0.510756501182,0.5,0.5,0.497630331754,0.0707496311078,0.0380519691987,0.00509545067721
0.351555526257,0.00645750761032,0.499111374408,relu,3.1622776601683795,"(50, 50)","{'MLP__hidden_layer_sizes': (50, 50), 'MLP__activation': 'relu', 'MLP__alpha': 3.1622776601683795}",300,0.5,0.49644549763,0.5,0.5,0.138876216986,0.00363051432524,0.00153914467497
0.378362476826,0.00668221712112,0.5,relu,3.1622776601683795,"(100, 100)","{'MLP__hidden_layer_sizes': (100, 100), 'MLP__activation': 'relu', 'MLP__alpha': 3.1622776601683795}",90,0.5,0.5,0.5,0.5,0.103022334688,0.000745898752364,1.24044295321e-16
0.246676325798,0.0382054448128,0.5,relu,3.1622776601683795,"(25, 25, 25)","{'MLP__hidden_layer_sizes': (25, 25, 25), 'MLP__activation': 'relu', 'MLP__alpha': 3.1622776601683795}",90,0.5,0.5,0.5,0.5,0.0686415929513,0.0220675455729,1.24044295321e-16
0.413209319115,0.00953614711761,0.499703837946,relu,3.1622776601683795,"(50, 50, 50)","{'MLP__hidden_layer_sizes': (50, 50, 50), 'MLP__activation': 'relu', 'MLP__alpha': 3.1622776601683795}",271,0.498817966903,0.5,0.5,0.5,0.0759788060343,0.00100095798386,0.000512212248405
0.390449225903,0.0199142098427,0.5,relu,3.1622776601683795,"(100, 100, 100)","{'MLP__hidden_layer_sizes': (100, 100, 100), 'MLP__activation': 'relu', 'MLP__alpha': 3.1622776601683795}",90,0.5,0.5,0.5,0.5,0.0835814052259,0.0240243544006,1.24044295321e-16
0.129655838013,0.0799626111984,0.496744513384,relu,1.0,"(25,)","{'MLP__hidden_layer_sizes': (25,), 'MLP__activation': 'relu', 'MLP__alpha': 1.0}",322,0.495271867612,0.49644549763,0.5,0.495260663507,0.0861096753934,0.0496433570197,0.00194023363727
0.380731761456,0.00491958856583,0.51045438106,relu,1.0,"(50,)","{'MLP__hidden_layer_sizes': (50,), 'MLP__activation': 'relu', 'MLP__alpha': 1.0}",26,0.545271867612,0.497630331754,0.498815165877,0.5,0.23376531864,0.00227838797847,0.0201489404692
0.294981479645,0.00475347042084,0.502688900656,relu,1.0,"(100,)","{'MLP__hidden_layer_sizes': (100,), 'MLP__activation': 'relu', 'MLP__alpha': 1.0}",72,0.5,0.516666666667,0.5,0.494075829384,0.0389776200877,0.00155867098847,0.00842429793444
0.253749966621,0.0438635349274,0.504491933676,relu,1.0,"(25, 25)","{'MLP__hidden_layer_sizes': (25, 25), 'MLP__activation': 'relu', 'MLP__alpha': 1.0}",50,0.514302600473,0.504818325434,0.498815165877,0.5,0.0771730253927,0.0254143591129,0.00610178612433
0.360448420048,0.00772577524185,0.506900343463,relu,1.0,"(50, 50)","{'MLP__hidden_layer_sizes': (50, 50), 'MLP__activation': 'relu', 'MLP__alpha': 1.0}",40,0.533451536643,0.5,0.494075829384,0.5,0.0454269838148,0.00185890724397,0.0155412179148
0.330978691578,0.00817680358887,0.5,relu,1.0,"(100, 100)","{'MLP__hidden_layer_sizes': (100, 100), 'MLP__activation': 'relu', 'MLP__alpha': 1.0}",90,0.5,0.5,0.5,0.5,0.0501187225538,0.00710895272024,1.24044295321e-16
0.173289775848,0.0695182681084,0.499407582938,relu,1.0,"(25, 25, 25)","{'MLP__hidden_layer_sizes': (25, 25, 25), 'MLP__activation': 'relu', 'MLP__alpha': 1.0}",289,0.5,0.5,0.497630331754,0.5,0.0607010668469,0.0515456396272,0.00102609644998
0.331983089447,0.0115714073181,0.508056872038,relu,1.0,"(50, 50, 50)","{'MLP__hidden_layer_sizes': (50, 50, 50), 'MLP__activation': 'relu', 'MLP__alpha': 1.0}",31,0.5,0.532227488152,0.5,0.5,0.06046579884,0.00860559345439,0.0139549117197
0.50616902113,0.0107472538948,0.5,relu,1.0,"(100, 100, 100)","{'MLP__hidden_layer_sizes': (100, 100, 100), 'MLP__activation': 'relu', 'MLP__alpha': 1.0}",90,0.5,0.5,0.5,0.5,0.112057941147,0.00371032943017,1.24044295321e-16
0.241693973541,0.076447725296,0.502571241236,relu,0.31622776601683794,"(25,)","{'MLP__hidden_layer_sizes': (25,), 'MLP__activation': 'relu', 'MLP__alpha': 0.31622776601683794}",75,0.491725768322,0.529778830964,0.485781990521,0.503023369832,0.13814241922,0.0181280221291,0.0168835745609
0.277439713478,0.00705301761627,0.50491952625,relu,0.31622776601683794,"(50,)","{'MLP__hidden_layer_sizes': (50,), 'MLP__activation': 'relu', 'MLP__alpha': 0.31622776601683794}",48,0.5,0.498815165877,0.515481832543,0.505393038078,0.108019005325,0.00213787402331,0.00658225890938
0.188884973526,0.00445383787155,0.503891046609,relu,0.31622776601683794,"(100,)","{'MLP__hidden_layer_sizes': (100,), 'MLP__activation': 'relu', 'MLP__alpha': 0.31622776601683794}",58,0.495271867612,0.522669826224,0.498815165877,0.498815165877,0.0951977686976,0.00478660334702,0.0109381133946
0.202427387238,0.0494884252548,0.499407582938,relu,0.31622776601683794,"(25, 25)","{'MLP__hidden_layer_sizes': (25, 25), 'MLP__activation': 'relu', 'MLP__alpha': 0.31622776601683794}",289,0.5,0.497630331754,0.5,0.5,0.10232795046,0.0227898747927,0.00102609644998
0.293284952641,0.00326484441757,0.504005255464,relu,0.31622776601683794,"(50, 50)","{'MLP__hidden_layer_sizes': (50, 50), 'MLP__activation': 'relu', 'MLP__alpha': 0.31622776601683794}",55,0.5,0.5,0.5,0.516056545187,0.127587898329,0.00214796486461,0.00694755309544
0.303760230541,0.00479376316071,0.5,relu,0.31622776601683794,"(100, 100)","{'MLP__hidden_layer_sizes': (100, 100), 'MLP__activation': 'relu', 'MLP__alpha': 0.31622776601683794}",90,0.5,0.5,0.5,0.5,0.0640837677238,0.00109494552703,1.24044295321e-16
0.206982970238,0.0375847816467,0.499408893596,relu,0.31622776601683794,"(25, 25, 25)","{'MLP__hidden_layer_sizes': (25, 25, 25), 'MLP__activation': 'relu', 'MLP__alpha': 0.31622776601683794}",284,0.5,0.5,0.5,0.497630331754,0.0479501930061,0.0179367732233,0.00102533862477
0.292988479137,0.00620526075363,0.5,relu,0.31622776601683794,"(50, 50, 50)","{'MLP__hidden_layer_sizes': (50, 50, 50), 'MLP__activation': 'relu', 'MLP__alpha': 0.31622776601683794}",90,0.5,0.5,0.5,0.5,0.0564040276525,0.00412553961563,1.24044295321e-16
0.417540252209,0.00495404005051,0.5,relu,0.31622776601683794,"(100, 100, 100)","{'MLP__hidden_layer_sizes': (100, 100, 100), 'MLP__activation': 'relu', 'MLP__alpha': 0.31622776601683794}",90,0.5,0.5,0.5,0.5,0.109013383455,0.00252168790905,1.24044295321e-16
0.264837026596,0.0441852211952,0.502823042655,relu,0.10000000000000001,"(25,)","{'MLP__hidden_layer_sizes': (25,), 'MLP__activation': 'relu', 'MLP__alpha': 0.10000000000000001}",71,0.5,0.5,0.5,0.511317208694,0.098594219031,0.0261523701472,0.00489687584589
0.369214951992,0.00978827476501,0.515625627763,relu,0.10000000000000001,"(50,)","{'MLP__hidden_layer_sizes': (50,), 'MLP__activation': 'relu', 'MLP__alpha': 0.10000000000000001}",13,0.514302600473,0.51429699842,0.497630331754,0.536321294329,0.152345621984,0.0012700609962,0.0137360222858
0.261566996574,0.00321328639984,0.499112076213,relu,0.10000000000000001,"(100,)","{'MLP__hidden_layer_sizes': (100,), 'MLP__activation': 'relu', 'MLP__alpha': 0.10000000000000001}",297,0.498817966903,0.498815165877,0.5,0.498815165877,0.13209729755,0.00200023507738,0.000512644313997
0.2198792696,0.0290901660919,0.5,relu,0.10000000000000001,"(25, 25)","{'MLP__hidden_layer_sizes': (25, 25), 'MLP__activation': 'relu', 'MLP__alpha': 0.10000000000000001}",90,0.5,0.5,0.5,0.5,0.0684035173266,0.00899212806997,1.24044295321e-16
0.105712175369,0.0058953166008,0.5,relu,0.10000000000000001,"(50, 50)","{'MLP__hidden_layer_sizes': (50, 50), 'MLP__activation': 'relu', 'MLP__alpha': 0.10000000000000001}",90,0.5,0.5,0.5,0.5,0.0718717466154,0.00455021131895,1.24044295321e-16
0.319037795067,0.00767868757248,0.5,relu,0.10000000000000001,"(100, 100)","{'MLP__hidden_layer_sizes': (100, 100), 'MLP__activation': 'relu', 'MLP__alpha': 0.10000000000000001}",90,0.5,0.5,0.5,0.5,0.116342069706,0.00366989111361,1.24044295321e-16
0.224498033524,0.0416586995125,0.499111513839,relu,0.10000000000000001,"(25, 25, 25)","{'MLP__hidden_layer_sizes': (25, 25, 25), 'MLP__activation': 'relu', 'MLP__alpha': 0.10000000000000001}",298,0.496453900709,0.5,0.5,0.5,0.0807874126497,0.0214344131697,0.00153663674521
0.278135001659,0.0074263215065,0.499704446798,relu,0.10000000000000001,"(50, 50, 50)","{'MLP__hidden_layer_sizes': (50, 50, 50), 'MLP__activation': 'relu', 'MLP__alpha': 0.10000000000000001}",265,0.5,0.5,0.5,0.498815165877,0.0596657974563,0.00269313485504,0.000512669312386
0.41960978508,0.0082899928093,0.5,relu,0.10000000000000001,"(100, 100, 100)","{'MLP__hidden_layer_sizes': (100, 100, 100), 'MLP__activation': 'relu', 'MLP__alpha': 0.10000000000000001}",90,0.5,0.5,0.5,0.5,0.12094054498,0.000462796482678,1.24044295321e-16
0.45580804348,0.0375882983208,0.500910478245,relu,0.031622776601683791,"(25,)","{'MLP__hidden_layer_sizes': (25,), 'MLP__activation': 'relu', 'MLP__alpha': 0.031622776601683791}",88,0.496453900709,0.513112164297,0.497630331754,0.49644549763,0.157422801429,0.0138277859296,0.00706111664114
0.24745029211,0.00857794284821,0.503574904934,relu,0.031622776601683791,"(50,)","{'MLP__hidden_layer_sizes': (50,), 'MLP__activation': 'relu', 'MLP__alpha': 0.031622776601683791}",63,0.5,0.515481832543,0.5,0.498815165877,0.0420430114509,0.00211118902949,0.00689144549135
0.174920976162,0.00267249345779,0.497042501992,relu,0.031622776601683791,"(100,)","{'MLP__hidden_layer_sizes': (100,), 'MLP__activation': 'relu', 'MLP__alpha': 0.031622776601683791}",320,0.5,0.49644549763,0.5,0.491706161137,0.102359712861,0.00150542955016,0.00340157636225
0.186550974846,0.0380610823631,0.498222748815,relu,0.031622776601683791,"(25, 25)","{'MLP__hidden_layer_sizes': (25, 25), 'MLP__activation': 'relu', 'MLP__alpha': 0.031622776601683791}",314,0.5,0.495260663507,0.497630331754,0.5,0.0341095179756,0.0285972218276,0.00196482511277
0.279124736786,0.00515574216843,0.5,relu,0.031622776601683791,"(50, 50)","{'MLP__hidden_layer_sizes': (50, 50), 'MLP__activation': 'relu', 'MLP__alpha': 0.031622776601683791}",90,0.5,0.5,0.5,0.5,0.139246966037,0.00401068838683,1.24044295321e-16
0.333339452744,0.01085460186,0.5,relu,0.031622776601683791,"(100, 100)","{'MLP__hidden_layer_sizes': (100, 100), 'MLP__activation': 'relu', 'MLP__alpha': 0.031622776601683791}",90,0.5,0.5,0.5,0.5,0.0696681487049,0.00469921862545,1.24044295321e-16
0.178628027439,0.0254049897194,0.498815821205,relu,0.031622776601683791,"(25, 25, 25)","{'MLP__hidden_layer_sizes': (25, 25, 25), 'MLP__activation': 'relu', 'MLP__alpha': 0.031622776601683791}",307,0.5,0.5,0.49644549763,0.498815165877,0.118517312971,0.0228783904239,0.00145138688005
0.327136933804,0.00737178325653,0.5,relu,0.031622776601683791,"(50, 50, 50)","{'MLP__hidden_layer_sizes': (50, 50, 50), 'MLP__activation': 'relu', 'MLP__alpha': 0.031622776601683791}",90,0.5,0.5,0.5,0.5,0.0720387340575,0.00200966542194,1.24044295321e-16
0.466533780098,0.0074474811554,0.5,relu,0.031622776601683791,"(100, 100, 100)","{'MLP__hidden_layer_sizes': (100, 100, 100), 'MLP__activation': 'relu', 'MLP__alpha': 0.031622776601683791}",90,0.5,0.5,0.5,0.5,0.0589013323011,0.00188808096233,1.24044295321e-16
0.341619551182,0.026498734951,0.515072874445,relu,0.01,"(25,)","{'MLP__hidden_layer_sizes': (25,), 'MLP__activation': 'relu', 'MLP__alpha': 0.01}",15,0.53463356974,0.511927330174,0.498815165877,0.514871711064,0.0806758441561,0.0157760011933,0.0128229795723
0.344197452068,0.0147980451584,0.502390819093,relu,0.01,"(50,)","{'MLP__hidden_layer_sizes': (50,), 'MLP__activation': 'relu', 'MLP__alpha': 0.01}",78,0.497635933806,0.51429699842,0.5,0.497630331754,0.0888877865456,0.0180190442924,0.00694161685011
0.402719736099,0.00759500265121,0.507123851322,relu,0.01,"(100,)","{'MLP__hidden_layer_sizes': (100,), 'MLP__activation': 'relu', 'MLP__alpha': 0.01}",38,0.5,0.5,0.5,0.528558588005,0.107109454062,0.00239480950446,0.0123570982537
0.212493777275,0.0740750432014,0.5,relu,0.01,"(25, 25)","{'MLP__hidden_layer_sizes': (25, 25), 'MLP__activation': 'relu', 'MLP__alpha': 0.01}",90,0.5,0.5,0.5,0.5,0.0607870258443,0.0213871119271,1.24044295321e-16
0.395973265171,0.00636869668961,0.497926726193,relu,0.01,"(50, 50)","{'MLP__hidden_layer_sizes': (50, 50), 'MLP__activation': 'relu', 'MLP__alpha': 0.01}",316,0.495271867612,0.498815165877,0.497630331754,0.5,0.0601033544543,0.00251191539503,0.00174857061251
0.36720854044,0.00849825143814,0.5,relu,0.01,"(100, 100)","{'MLP__hidden_layer_sizes': (100, 100), 'MLP__activation': 'relu', 'MLP__alpha': 0.01}",90,0.5,0.5,0.5,0.5,0.0604741318283,0.00131311823385,1.24044295321e-16
0.188143968582,0.0591395497322,0.499408893596,relu,0.01,"(25, 25, 25)","{'MLP__hidden_layer_sizes': (25, 25, 25), 'MLP__activation': 'relu', 'MLP__alpha': 0.01}",284,0.5,0.5,0.5,0.497630331754,0.0456767545273,0.0287795906943,0.00102533862477
0.356606781483,0.00687843561172,0.5,relu,0.01,"(50, 50, 50)","{'MLP__hidden_layer_sizes': (50, 50, 50), 'MLP__activation': 'relu', 'MLP__alpha': 0.01}",90,0.5,0.5,0.5,0.5,0.114884894626,0.000644773797926,1.24044295321e-16
0.438287734985,0.00762856006622,0.5,relu,0.01,"(100, 100, 100)","{'MLP__hidden_layer_sizes': (100, 100, 100), 'MLP__activation': 'relu', 'MLP__alpha': 0.01}",90,0.5,0.5,0.5,0.5,0.0719475368331,0.00192582278161,1.24044295321e-16
0.178761422634,0.054961502552,0.512952951466,relu,0.0031622776601683794,"(25,)","{'MLP__hidden_layer_sizes': (25,), 'MLP__activation': 'relu', 'MLP__alpha': 0.0031622776601683794}",21,0.494089834515,0.545260663507,0.5,0.512502042817,0.0376500369335,0.0414384850553,0.0198013538997
0.371643483639,0.00823777914047,0.497926726193,relu,0.0031622776601683794,"(50,)","{'MLP__hidden_layer_sizes': (50,), 'MLP__activation': 'relu', 'MLP__alpha': 0.0031622776601683794}",316,0.495271867612,0.5,0.49644549763,0.5,0.0963473828872,0.00347026714351,0.00211218632855
0.286078453064,0.0108213424683,0.50327874288,relu,0.0031622776601683794,"(100,)","{'MLP__hidden_layer_sizes': (100,), 'MLP__activation': 'relu', 'MLP__alpha': 0.0031622776601683794}",67,0.498817966903,0.515481832543,0.5,0.498815165877,0.159727306588,0.00943409370088,0.00706200288309
0.162068724632,0.0674380064011,0.5041683193,relu,0.0031622776601683794,"(25, 25)","{'MLP__hidden_layer_sizes': (25, 25), 'MLP__activation': 'relu', 'MLP__alpha': 0.0031622776601683794}",51,0.5,0.5,0.5,0.516710246772,0.0392459659094,0.0367257725457,0.00723040512986
0.356624007225,0.00680977106094,0.5,relu,0.0031622776601683794,"(50, 50)","{'MLP__hidden_layer_sizes': (50, 50), 'MLP__activation': 'relu', 'MLP__alpha': 0.0031622776601683794}",90,0.5,0.5,0.5,0.5,0.0818767084154,0.00189276948483,1.24044295321e-16
0.343302488327,0.00692772865295,0.5,relu,0.0031622776601683794,"(100, 100)","{'MLP__hidden_layer_sizes': (100, 100), 'MLP__activation': 'relu', 'MLP__alpha': 0.0031622776601683794}",90,0.5,0.5,0.5,0.5,0.0519755609712,0.0015576336382,1.24044295321e-16
0.183156251907,0.069431245327,0.507444707741,relu,0.0031622776601683794,"(25, 25, 25)","{'MLP__hidden_layer_sizes': (25, 25, 25), 'MLP__activation': 'relu', 'MLP__alpha': 0.0031622776601683794}",35,0.5,0.5,0.529778830964,0.5,0.0551476422342,0.0352869124025,0.0128946120548
0.340364694595,0.00731360912323,0.5,relu,0.0031622776601683794,"(50, 50, 50)","{'MLP__hidden_layer_sizes': (50, 50, 50), 'MLP__activation': 'relu', 'MLP__alpha': 0.0031622776601683794}",90,0.5,0.5,0.5,0.5,0.147586754804,0.00527244081353,1.24044295321e-16
0.458274304867,0.00819873809814,0.5,relu,0.0031622776601683794,"(100, 100, 100)","{'MLP__hidden_layer_sizes': (100, 100, 100), 'MLP__activation': 'relu', 'MLP__alpha': 0.0031622776601683794}",90,0.5,0.5,0.5,0.5,0.0877844257466,0.0012641216909,1.24044295321e-16
0.181178748608,0.0592135190964,0.53039510141,relu,0.001,"(25,)","{'MLP__hidden_layer_sizes': (25,), 'MLP__activation': 'relu', 'MLP__alpha': 0.001}",3,0.514420803783,0.5,0.497630331754,0.60974015362,0.0557765614805,0.0270307316819,0.0461921096282
0.408451497555,0.0128389596939,0.504504614517,relu,0.001,"(50,)","{'MLP__hidden_layer_sizes': (50,), 'MLP__activation': 'relu', 'MLP__alpha': 0.001}",49,0.492907801418,0.520300157978,0.508372827804,0.49644549763,0.0866256186654,0.00607534960815,0.0107709278682
0.25016862154,0.00427681207657,0.502095265891,relu,0.001,"(100,)","{'MLP__hidden_layer_sizes': (100,), 'MLP__activation': 'relu', 'MLP__alpha': 0.001}",82,0.497635933806,0.5,0.51429699842,0.49644549763,0.0870824366272,0.00177188726364,0.00715980648287
0.260987997055,0.0434710979462,0.502389415482,relu,0.001,"(25, 25)","{'MLP__hidden_layer_sizes': (25, 25), 'MLP__activation': 'relu', 'MLP__alpha': 0.001}",80,0.5,0.5,0.509557661927,0.5,0.117985227185,0.0294052212522,0.00413858901493
0.22407746315,0.00591707229614,0.5,relu,0.001,"(50, 50)","{'MLP__hidden_layer_sizes': (50, 50), 'MLP__activation': 'relu', 'MLP__alpha': 0.001}",90,0.5,0.5,0.5,0.5,0.0585471265244,0.00392968857658,1.24044295321e-16
0.320176303387,0.00395554304123,0.5,relu,0.001,"(100, 100)","{'MLP__hidden_layer_sizes': (100, 100), 'MLP__activation': 'relu', 'MLP__alpha': 0.001}",90,0.5,0.5,0.5,0.5,0.0785566153367,0.000733327731791,1.24044295321e-16
0.180091440678,0.047202527523,0.499703791469,relu,0.001,"(25, 25, 25)","{'MLP__hidden_layer_sizes': (25, 25, 25), 'MLP__activation': 'relu', 'MLP__alpha': 0.001}",278,0.5,0.5,0.498815165877,0.5,0.122780698358,0.025685453754,0.000513048224991
0.371210753918,0.00826328992844,0.498817787191,relu,0.001,"(50, 50, 50)","{'MLP__hidden_layer_sizes': (50, 50, 50), 'MLP__activation': 'relu', 'MLP__alpha': 0.001}",303,0.5,0.5,0.5,0.495260663507,0.0514623021983,0.00321278785748,0.00205067724954
0.377961754799,0.00914245843887,0.5,relu,0.001,"(100, 100, 100)","{'MLP__hidden_layer_sizes': (100, 100, 100), 'MLP__activation': 'relu', 'MLP__alpha': 0.001}",90,0.5,0.5,0.5,0.5,0.0290942119405,0.00174554371263,1.24044295321e-16
0.239450275898,0.0241995453835,0.529227637325,relu,0.00031622776601683794,"(25,)","{'MLP__hidden_layer_sizes': (25,), 'MLP__activation': 'relu', 'MLP__alpha': 0.00031622776601683794}",4,0.522695035461,0.601263823065,0.497630331754,0.495260663507,0.0919633913748,0.0168453563762,0.0429580429903
0.372210264206,0.0103056430817,0.513282057493,relu,0.00031622776601683794,"(50,)","{'MLP__hidden_layer_sizes': (50,), 'MLP__activation': 'relu', 'MLP__alpha': 0.00031622776601683794}",19,0.510756501182,0.508372827804,0.52859399684,0.505393038078,0.0201431079606,0.00218002623833,0.00904222738951
0.340250253677,0.00449442863464,0.50268567049,relu,0.00031622776601683794,"(100,)","{'MLP__hidden_layer_sizes': (100,), 'MLP__activation': 'relu', 'MLP__alpha': 0.00031622776601683794}",74,0.498817966903,0.5,0.511927330174,0.5,0.0598110214714,0.00110121351603,0.00535747595776
0.162655949593,0.0614842772484,0.502687589998,relu,0.00031622776601683794,"(25, 25)","{'MLP__hidden_layer_sizes': (25, 25), 'MLP__activation': 'relu', 'MLP__alpha': 0.00031622776601683794}",73,0.5,0.5,0.51429699842,0.49644549763,0.0506798226211,0.0320213175647,0.00685780829638
0.346525490284,0.00699347257614,0.499111374408,relu,0.00031622776601683794,"(50, 50)","{'MLP__hidden_layer_sizes': (50, 50), 'MLP__activation': 'relu', 'MLP__alpha': 0.00031622776601683794}",300,0.5,0.497630331754,0.498815165877,0.5,0.0242923597198,0.00175067015996,0.000982412556385
0.304243922234,0.00549674034119,0.5,relu,0.00031622776601683794,"(100, 100)","{'MLP__hidden_layer_sizes': (100, 100), 'MLP__activation': 'relu', 'MLP__alpha': 0.00031622776601683794}",90,0.5,0.5,0.5,0.5,0.0395170109239,0.00182911992146,1.24044295321e-16
0.205161690712,0.0173640847206,0.507166982265,relu,0.00031622776601683794,"(25, 25, 25)","{'MLP__hidden_layer_sizes': (25, 25, 25), 'MLP__activation': 'relu', 'MLP__alpha': 0.00031622776601683794}",37,0.532151300236,0.5,0.49644549763,0.5,0.0546024553986,0.00793472551477,0.014518651928
0.438955485821,0.00451958179474,0.498817787191,relu,0.00031622776601683794,"(50, 50, 50)","{'MLP__hidden_layer_sizes': (50, 50, 50), 'MLP__activation': 'relu', 'MLP__alpha': 0.00031622776601683794}",303,0.5,0.5,0.5,0.495260663507,0.162093597788,0.00179458158225,0.00205067724954
0.282865941525,0.00558626651764,0.5,relu,0.00031622776601683794,"(100, 100, 100)","{'MLP__hidden_layer_sizes': (100, 100, 100), 'MLP__activation': 'relu', 'MLP__alpha': 0.00031622776601683794}",90,0.5,0.5,0.5,0.5,0.0812360281679,0.00178896580114,1.24044295321e-16
0.258008480072,0.0723223090172,0.50242071881,relu,0.0001,"(25,)","{'MLP__hidden_layer_sizes': (25,), 'MLP__activation': 'relu', 'MLP__alpha': 0.0001}",76,0.507210401891,0.5,0.506003159558,0.49644549763,0.037209359218,0.0309053596094,0.00439630124274
0.342715501785,0.00621396303177,0.523037345053,relu,0.0001,"(50,)","{'MLP__hidden_layer_sizes': (50,), 'MLP__activation': 'relu', 'MLP__alpha': 0.0001}",6,0.5,0.533333333333,0.515481832543,0.543430299068,0.137588285974,0.00118909903778,0.01665787404
0.350381493568,0.00618928670883,0.502390210242,relu,0.0001,"(100,)","{'MLP__hidden_layer_sizes': (100,), 'MLP__activation': 'relu', 'MLP__alpha': 0.0001}",79,0.496453900709,0.5,0.51429699842,0.498815165877,0.129651483417,0.000966192510744,0.00699205103096
0.145521044731,0.0349490046501,0.499703791469,relu,0.0001,"(25, 25)","{'MLP__hidden_layer_sizes': (25, 25), 'MLP__activation': 'relu', 'MLP__alpha': 0.0001}",278,0.5,0.5,0.498815165877,0.5,0.050164714978,0.0090463440073,0.000513048224991
0.300118207932,0.0116817355156,0.498522233989,relu,0.0001,"(50, 50)","{'MLP__hidden_layer_sizes': (50, 50), 'MLP__activation': 'relu', 'MLP__alpha': 0.0001}",309,0.5,0.5,0.5,0.494075829384,0.0258891186416,0.0059265272505,0.00256334656193
0.377722501755,0.00722545385361,0.5,relu,0.0001,"(100, 100)","{'MLP__hidden_layer_sizes': (100, 100), 'MLP__activation': 'relu', 'MLP__alpha': 0.0001}",90,0.5,0.5,0.5,0.5,0.113613860441,0.00137452967871,1.24044295321e-16
0.168892204762,0.0444890856743,0.5,relu,0.0001,"(25, 25, 25)","{'MLP__hidden_layer_sizes': (25, 25, 25), 'MLP__activation': 'relu', 'MLP__alpha': 0.0001}",90,0.5,0.5,0.5,0.5,0.0336534958601,0.0097196527934,1.24044295321e-16
0.353356301785,0.00625646114349,0.5,relu,0.0001,"(50, 50, 50)","{'MLP__hidden_layer_sizes': (50, 50, 50), 'MLP__activation': 'relu', 'MLP__alpha': 0.0001}",90,0.5,0.5,0.5,0.5,0.063212254848,0.00266673269944,1.24044295321e-16
0.48363494873,0.0252836942673,0.5,relu,0.0001,"(100, 100, 100)","{'MLP__hidden_layer_sizes': (100, 100, 100), 'MLP__activation': 'relu', 'MLP__alpha': 0.0001}",90,0.5,0.5,0.5,0.5,0.126750499667,0.0282845488562,1.24044295321e-16
0.205106019974,0.065013051033,0.497656864661,relu,3.1622776601683795e-05,"(25,)","{'MLP__hidden_layer_sizes': (25,), 'MLP__activation': 'relu', 'MLP__alpha': 3.1622776601683795e-05}",318,0.494089834515,0.509557661927,0.498815165877,0.488151658768,0.147276355804,0.019565651857,0.00784014577619
0.267035543919,0.00740122795105,0.505211240435,relu,3.1622776601683795e-05,"(50,)","{'MLP__hidden_layer_sizes': (50,), 'MLP__activation': 'relu', 'MLP__alpha': 3.1622776601683795e-05}",47,0.497635933806,0.511927330174,0.497630331754,0.513686876941,0.0565404006311,0.00172129711571,0.00761192733407
0.300716280937,0.0126181840897,0.499703837946,relu,3.1622776601683795e-05,"(100,)","{'MLP__hidden_layer_sizes': (100,), 'MLP__activation': 'relu', 'MLP__alpha': 3.1622776601683795e-05}",271,0.498817966903,0.5,0.5,0.5,0.0641718473809,0.0140780431985,0.000512212248405
0.141469478607,0.028439283371,0.499408893596,relu,3.1622776601683795e-05,"(25, 25)","{'MLP__hidden_layer_sizes': (25, 25), 'MLP__activation': 'relu', 'MLP__alpha': 3.1622776601683795e-05}",284,0.5,0.5,0.5,0.497630331754,0.0624132192559,0.0195703368292,0.00102533862477
0.237206220627,0.00491499900818,0.53295801361,relu,3.1622776601683795e-05,"(50, 50)","{'MLP__hidden_layer_sizes': (50, 50), 'MLP__activation': 'relu', 'MLP__alpha': 3.1622776601683795e-05}",2,0.498817966903,0.5,0.498815165877,0.63449910116,0.0604355373705,0.000515522995021,0.0585403013994
0.322282791138,0.00533270835876,0.5,relu,3.1622776601683795e-05,"(100, 100)","{'MLP__hidden_layer_sizes': (100, 100), 'MLP__activation': 'relu', 'MLP__alpha': 3.1622776601683795e-05}",90,0.5,0.5,0.5,0.5,0.060273877196,0.000675271182679,1.24044295321e-16
0.170602560043,0.0626621842384,0.503870458136,relu,3.1622776601683795e-05,"(25, 25, 25)","{'MLP__hidden_layer_sizes': (25, 25, 25), 'MLP__activation': 'relu', 'MLP__alpha': 3.1622776601683795e-05}",61,0.5,0.5,0.515481832543,0.5,0.0644507422587,0.0333686413404,0.00670383013988
0.30670773983,0.00586754083633,0.499703837946,relu,3.1622776601683795e-05,"(50, 50, 50)","{'MLP__hidden_layer_sizes': (50, 50, 50), 'MLP__activation': 'relu', 'MLP__alpha': 3.1622776601683795e-05}",271,0.498817966903,0.5,0.5,0.5,0.0313000329754,0.000828805401868,0.000512212248405
0.441708803177,0.00699543952942,0.5,relu,3.1622776601683795e-05,"(100, 100, 100)","{'MLP__hidden_layer_sizes': (100, 100, 100), 'MLP__activation': 'relu', 'MLP__alpha': 3.1622776601683795e-05}",90,0.5,0.5,0.5,0.5,0.0816499863459,0.00172211884383,1.24044295321e-16
0.243065536022,0.0518887042999,0.499295026716,relu,1.0000000000000001e-05,"(25,)","{'MLP__hidden_layer_sizes': (25,), 'MLP__activation': 'relu', 'MLP__alpha': 1.0000000000000001e-05}",292,0.495271867612,0.504818325434,0.497630331754,0.499468867462,0.171075420618,0.0342944168645,0.0035188709227
0.347495436668,0.00594222545624,0.517953003515,relu,1.0000000000000001e-05,"(50,)","{'MLP__hidden_layer_sizes': (50,), 'MLP__activation': 'relu', 'MLP__alpha': 1.0000000000000001e-05}",12,0.495271867612,0.5,0.49644549763,0.580282725936,0.103365539077,0.00267329032595,0.0359751802479
0.240690946579,0.00434470176697,0.506565579301,relu,1.0000000000000001e-05,"(100,)","{'MLP__hidden_layer_sizes': (100,), 'MLP__activation': 'relu', 'MLP__alpha': 1.0000000000000001e-05}",43,0.509574468085,0.5,0.516666666667,0.5,0.0721342324096,0.00175118125807,0.00702181780907
0.130474209785,0.0292020440102,0.509834778551,relu,1.0000000000000001e-05,"(25, 25)","{'MLP__hidden_layer_sizes': (25, 25), 'MLP__activation': 'relu', 'MLP__alpha': 1.0000000000000001e-05}",28,0.5,0.540521327014,0.5,0.498815165877,0.0509000650312,0.0209711897794,0.0177234815461
0.265769541264,0.00519925355911,0.5,relu,1.0000000000000001e-05,"(50, 50)","{'MLP__hidden_layer_sizes': (50, 50), 'MLP__activation': 'relu', 'MLP__alpha': 1.0000000000000001e-05}",90,0.5,0.5,0.5,0.5,0.0473630465253,0.0011511872575,1.24044295321e-16
0.488716185093,0.00876432657242,0.5,relu,1.0000000000000001e-05,"(100, 100)","{'MLP__hidden_layer_sizes': (100, 100), 'MLP__activation': 'relu', 'MLP__alpha': 1.0000000000000001e-05}",90,0.5,0.5,0.5,0.5,0.19087581717,0.00323035632439,1.24044295321e-16
0.129320800304,0.113296747208,0.5,relu,1.0000000000000001e-05,"(25, 25, 25)","{'MLP__hidden_layer_sizes': (25, 25, 25), 'MLP__activation': 'relu', 'MLP__alpha': 1.0000000000000001e-05}",90,0.5,0.5,0.5,0.5,0.0266989115445,0.0139810749155,1.24044295321e-16
0.359134495258,0.00623774528503,0.5,relu,1.0000000000000001e-05,"(50, 50, 50)","{'MLP__hidden_layer_sizes': (50, 50, 50), 'MLP__activation': 'relu', 'MLP__alpha': 1.0000000000000001e-05}",90,0.5,0.5,0.5,0.5,0.0825556074545,0.00137988330947,1.24044295321e-16
0.399422228336,0.0136540532112,0.5,relu,1.0000000000000001e-05,"(100, 100, 100)","{'MLP__hidden_layer_sizes': (100, 100, 100), 'MLP__activation': 'relu', 'MLP__alpha': 1.0000000000000001e-05}",90,0.5,0.5,0.5,0.5,0.109110913393,0.0118834700857,1.24044295321e-16
0.19288289547,0.051434636116,0.512835749479,relu,3.1622776601683792e-06,"(25,)","{'MLP__hidden_layer_sizes': (25,), 'MLP__activation': 'relu', 'MLP__alpha': 3.1622776601683792e-06}",22,0.498817966903,0.498894154818,0.553633491311,0.5,0.0479999829949,0.0278474827484,0.023559227059
0.306491792202,0.0126504898071,0.501826521671,relu,3.1622776601683792e-06,"(50,)","{'MLP__hidden_layer_sizes': (50,), 'MLP__activation': 'relu', 'MLP__alpha': 3.1622776601683792e-06}",83,0.502482269504,0.509557661927,0.495260663507,0.5,0.0754224796286,0.0105118302469,0.0051633511437
0.209173500538,0.00322031974792,0.498521625138,relu,3.1622776601683792e-06,"(100,)","{'MLP__hidden_layer_sizes': (100,), 'MLP__activation': 'relu', 'MLP__alpha': 3.1622776601683792e-06}",310,0.498817966903,0.5,0.5,0.495260663507,0.0139920018033,0.00183471544095,0.00194097537922
0.178685069084,0.0618588924408,0.503116113975,relu,3.1622776601683792e-06,"(25, 25)","{'MLP__hidden_layer_sizes': (25, 25), 'MLP__activation': 'relu', 'MLP__alpha': 3.1622776601683792e-06}",69,0.496453900709,0.5,0.498815165877,0.51724137931,0.0310600456304,0.0331125289737,0.00824277413102
0.339529812336,0.00551927089691,0.5,relu,3.1622776601683792e-06,"(50, 50)","{'MLP__hidden_layer_sizes': (50, 50), 'MLP__activation': 'relu', 'MLP__alpha': 3.1622776601683792e-06}",90,0.5,0.5,0.5,0.5,0.0790940513055,0.00198821115333,1.24044295321e-16
0.322834730148,0.0076407790184,0.5,relu,3.1622776601683792e-06,"(100, 100)","{'MLP__hidden_layer_sizes': (100, 100), 'MLP__activation': 'relu', 'MLP__alpha': 3.1622776601683792e-06}",90,0.5,0.5,0.5,0.5,0.074764573696,0.00174253545541,1.24044295321e-16
0.186131000519,0.0542815327644,0.5,relu,3.1622776601683792e-06,"(25, 25, 25)","{'MLP__hidden_layer_sizes': (25, 25, 25), 'MLP__activation': 'relu', 'MLP__alpha': 3.1622776601683792e-06}",90,0.5,0.5,0.5,0.5,0.0180902968286,0.0333496919263,1.24044295321e-16
0.223014056683,0.0038715004921,0.504166666667,relu,3.1622776601683792e-06,"(50, 50, 50)","{'MLP__hidden_layer_sizes': (50, 50, 50), 'MLP__activation': 'relu', 'MLP__alpha': 3.1622776601683792e-06}",52,0.5,0.516666666667,0.5,0.5,0.0714158801176,0.00129811425706,0.00721687836487
0.553863823414,0.00865423679352,0.5,relu,3.1622776601683792e-06,"(100, 100, 100)","{'MLP__hidden_layer_sizes': (100, 100, 100), 'MLP__activation': 'relu', 'MLP__alpha': 3.1622776601683792e-06}",90,0.5,0.5,0.5,0.5,0.141196707105,0.00324853667099,1.24044295321e-16
0.166436254978,0.0595405697823,0.533061845003,relu,9.9999999999999995e-07,"(25,)","{'MLP__hidden_layer_sizes': (25,), 'MLP__activation': 'relu', 'MLP__alpha': 9.9999999999999995e-07}",1,0.516666666667,0.539336492891,0.548894154818,0.527373753881,0.0208778664222,0.0384550713745,0.0121625717615
0.240747749805,0.00638025999069,0.501213846125,relu,9.9999999999999995e-07,"(50,)","{'MLP__hidden_layer_sizes': (50,), 'MLP__activation': 'relu', 'MLP__alpha': 9.9999999999999995e-07}",86,0.51548463357,0.489336492891,0.5,0.5,0.208129272375,0.00771223087819,0.00932900107423
0.345748305321,0.00803673267365,0.498817131863,relu,9.9999999999999995e-07,"(100,)","{'MLP__hidden_layer_sizes': (100,), 'MLP__activation': 'relu', 'MLP__alpha': 9.9999999999999995e-07}",306,0.5,0.5,0.498815165877,0.49644549763,0.125142165729,0.00232288435912,0.00145031535093
0.144265532494,0.0203464627266,0.498222748815,relu,9.9999999999999995e-07,"(25, 25)","{'MLP__hidden_layer_sizes': (25, 25), 'MLP__activation': 'relu', 'MLP__alpha': 9.9999999999999995e-07}",314,0.5,0.492890995261,0.5,0.5,0.0915959768402,0.0129276566707,0.00307828934994
0.259055256844,0.00816076993942,0.5,relu,9.9999999999999995e-07,"(50, 50)","{'MLP__hidden_layer_sizes': (50, 50), 'MLP__activation': 'relu', 'MLP__alpha': 9.9999999999999995e-07}",90,0.5,0.5,0.5,0.5,0.050710250041,0.00260214489997,1.24044295321e-16
0.289534151554,0.00462681055069,0.498817787191,relu,9.9999999999999995e-07,"(100, 100)","{'MLP__hidden_layer_sizes': (100, 100), 'MLP__activation': 'relu', 'MLP__alpha': 9.9999999999999995e-07}",303,0.5,0.5,0.5,0.495260663507,0.138879232896,0.00237737677175,0.00205067724954
0.176085174084,0.034508228302,0.5,relu,9.9999999999999995e-07,"(25, 25, 25)","{'MLP__hidden_layer_sizes': (25, 25, 25), 'MLP__activation': 'relu', 'MLP__alpha': 9.9999999999999995e-07}",90,0.5,0.5,0.5,0.5,0.0802432742115,0.0361489472288,1.24044295321e-16
0.209429204464,0.00557720661163,0.499703791469,relu,9.9999999999999995e-07,"(50, 50, 50)","{'MLP__hidden_layer_sizes': (50, 50, 50), 'MLP__activation': 'relu', 'MLP__alpha': 9.9999999999999995e-07}",278,0.5,0.498815165877,0.5,0.5,0.144469525595,0.00262207708964,0.000513048224991
0.497538030148,0.00854873657227,0.5,relu,9.9999999999999995e-07,"(100, 100, 100)","{'MLP__hidden_layer_sizes': (100, 100, 100), 'MLP__activation': 'relu', 'MLP__alpha': 9.9999999999999995e-07}",90,0.5,0.5,0.5,0.5,0.164062466568,0.00243576800856,1.24044295321e-16
0.226149559021,0.0313374400139,0.501366706355,relu,3.1622776601683792e-07,"(25,)","{'MLP__hidden_layer_sizes': (25,), 'MLP__activation': 'relu', 'MLP__alpha': 3.1622776601683792e-07}",84,0.490543735225,0.51429699842,0.497630331754,0.503023369832,0.0911735364111,0.0143783885783,0.00867881423412
0.324071288109,0.00793266296387,0.497334871506,relu,3.1622776601683792e-07,"(50,)","{'MLP__hidden_layer_sizes': (50,), 'MLP__activation': 'relu', 'MLP__alpha': 3.1622776601683792e-07}",319,0.497635933806,0.494075829384,0.498815165877,0.498815165877,0.148957982399,0.00278330352671,0.00194228534803
0.230884790421,0.00429999828339,0.512539257437,relu,3.1622776601683792e-07,"(100,)","{'MLP__hidden_layer_sizes': (100,), 'MLP__activation': 'relu', 'MLP__alpha': 3.1622776601683792e-07}",23,0.522695035461,0.52859399684,0.5,0.498815165877,0.0638826649794,0.00126235495569,0.0132880550797
0.131848990917,0.0399152636528,0.499704446798,relu,3.1622776601683792e-07,"(25, 25)","{'MLP__hidden_layer_sizes': (25, 25), 'MLP__activation': 'relu', 'MLP__alpha': 3.1622776601683792e-07}",265,0.5,0.5,0.5,0.498815165877,0.109332368232,0.0137698562084,0.000512669312386
0.135330975056,0.00302678346634,0.5,relu,3.1622776601683792e-07,"(50, 50)","{'MLP__hidden_layer_sizes': (50, 50), 'MLP__activation': 'relu', 'MLP__alpha': 3.1622776601683792e-07}",90,0.5,0.5,0.5,0.5,0.107573239301,0.00150287025456,1.24044295321e-16
0.219950199127,0.00369256734848,0.5,relu,3.1622776601683792e-07,"(100, 100)","{'MLP__hidden_layer_sizes': (100, 100), 'MLP__activation': 'relu', 'MLP__alpha': 3.1622776601683792e-07}",90,0.5,0.5,0.5,0.5,0.0671825657189,0.00262474927309,1.24044295321e-16
0.156420707703,0.0568252801895,0.499407582938,relu,3.1622776601683792e-07,"(25, 25, 25)","{'MLP__hidden_layer_sizes': (25, 25, 25), 'MLP__activation': 'relu', 'MLP__alpha': 3.1622776601683792e-07}",289,0.5,0.497630331754,0.5,0.5,0.0591183666284,0.0226853444355,0.00102609644998
0.34497833252,0.00585824251175,0.5,relu,3.1622776601683792e-07,"(50, 50, 50)","{'MLP__hidden_layer_sizes': (50, 50, 50), 'MLP__activation': 'relu', 'MLP__alpha': 3.1622776601683792e-07}",90,0.5,0.5,0.5,0.5,0.0362858222542,0.00252134051577,1.24044295321e-16
0.272885560989,0.00860023498535,0.5,relu,3.1622776601683792e-07,"(100, 100, 100)","{'MLP__hidden_layer_sizes': (100, 100, 100), 'MLP__activation': 'relu', 'MLP__alpha': 3.1622776601683792e-07}",90,0.5,0.5,0.5,0.5,0.170783736843,0.0031077286494,1.24044295321e-16
0.154444515705,0.0507491827011,0.51314113261,relu,9.9999999999999995e-08,"(25,)","{'MLP__hidden_layer_sizes': (25,), 'MLP__activation': 'relu', 'MLP__alpha': 9.9999999999999995e-08}",20,0.498817966903,0.560742496051,0.509557661927,0.483412322275,0.0859667899228,0.0453734668868,0.0290094160029
0.131490051746,0.00310450792313,0.496152798129,relu,9.9999999999999995e-08,"(50,)","{'MLP__hidden_layer_sizes': (50,), 'MLP__activation': 'relu', 'MLP__alpha': 9.9999999999999995e-08}",323,0.494089834515,0.498815165877,0.497630331754,0.494075829384,0.0905485463678,0.00141145945762,0.00211191840517
0.444389522076,0.0042399764061,0.507463283751,relu,9.9999999999999995e-08,"(100,)","{'MLP__hidden_layer_sizes': (100,), 'MLP__activation': 'relu', 'MLP__alpha': 9.9999999999999995e-08}",34,0.529787234043,0.5,0.5,0.5,0.215662182363,0.00185010911234,0.0129077486598
0.153680026531,0.0648369789124,0.498519752106,relu,9.9999999999999995e-08,"(25, 25)","{'MLP__hidden_layer_sizes': (25, 25), 'MLP__activation': 'relu', 'MLP__alpha': 9.9999999999999995e-08}",311,0.496453900709,0.5,0.498815165877,0.498815165877,0.0535465044014,0.0401542891623,0.0012886682318
0.259117543697,0.00558602809906,0.501049723442,relu,9.9999999999999995e-08,"(50, 50)","{'MLP__hidden_layer_sizes': (50, 50), 'MLP__activation': 'relu', 'MLP__alpha': 9.9999999999999995e-08}",87,0.5,0.5,0.5,0.504208203955,0.0958269919552,0.000940568176638,0.00182085997158
0.2903252244,0.00481909513474,0.5,relu,9.9999999999999995e-08,"(100, 100)","{'MLP__hidden_layer_sizes': (100, 100), 'MLP__activation': 'relu', 'MLP__alpha': 9.9999999999999995e-08}",90,0.5,0.5,0.5,0.5,0.0324782014648,0.00161585571977,1.24044295321e-16
0.213536739349,0.0302472114563,0.499704446798,relu,9.9999999999999995e-08,"(25, 25, 25)","{'MLP__hidden_layer_sizes': (25, 25, 25), 'MLP__activation': 'relu', 'MLP__alpha': 9.9999999999999995e-08}",265,0.5,0.5,0.5,0.498815165877,0.0327706105972,0.0136339949479,0.000512669312386
0.335727989674,0.00653624534607,0.5,relu,9.9999999999999995e-08,"(50, 50, 50)","{'MLP__hidden_layer_sizes': (50, 50, 50), 'MLP__activation': 'relu', 'MLP__alpha': 9.9999999999999995e-08}",90,0.5,0.5,0.5,0.5,0.0854975869572,0.00209855005376,1.24044295321e-16
0.447491526604,0.00911265611649,0.5,relu,9.9999999999999995e-08,"(100, 100, 100)","{'MLP__hidden_layer_sizes': (100, 100, 100), 'MLP__activation': 'relu', 'MLP__alpha': 9.9999999999999995e-08}",90,0.5,0.5,0.5,0.5,0.0816428786031,0.00332440434173,1.24044295321e-16
0.26946246624,0.0335899591446,0.521060455773,relu,3.1622776601683792e-08,"(25,)","{'MLP__hidden_layer_sizes': (25,), 'MLP__activation': 'relu', 'MLP__alpha': 3.1622776601683792e-08}",9,0.511938534279,0.576303317536,0.487045813586,0.508947540448,0.0429607289072,0.0182863887091,0.0333112642816
0.208188772202,0.00691848993301,0.500316467015,relu,3.1622776601683792e-08,"(50,)","{'MLP__hidden_layer_sizes': (50,), 'MLP__activation': 'relu', 'MLP__alpha': 3.1622776601683792e-08}",89,0.486997635934,0.5,0.51429699842,0.5,0.0781160766831,0.00216063454618,0.0096622856956
0.231921494007,0.006711602211,0.503279351731,relu,3.1622776601683792e-08,"(100,)","{'MLP__hidden_layer_sizes': (100,), 'MLP__activation': 'relu', 'MLP__alpha': 3.1622776601683792e-08}",66,0.5,0.515481832543,0.5,0.497630331754,0.0918910986361,0.00372606294058,0.0071111435806
0.209115505219,0.0285590291023,0.497038240032,relu,3.1622776601683792e-08,"(25, 25)","{'MLP__hidden_layer_sizes': (25, 25), 'MLP__activation': 'relu', 'MLP__alpha': 3.1622776601683792e-08}",321,0.491725768322,0.49644549763,0.5,0.5,0.0828556590675,0.0195505020184,0.00339708607328
0.231867313385,0.00573951005936,0.499111513839,relu,3.1622776601683792e-08,"(50, 50)","{'MLP__hidden_layer_sizes': (50, 50), 'MLP__activation': 'relu', 'MLP__alpha': 3.1622776601683792e-08}",298,0.496453900709,0.5,0.5,0.5,0.105658700654,0.00492715302393,0.00153663674521
0.315106570721,0.00802391767502,0.5,relu,3.1622776601683792e-08,"(100, 100)","{'MLP__hidden_layer_sizes': (100, 100), 'MLP__activation': 'relu', 'MLP__alpha': 3.1622776601683792e-08}",90,0.5,0.5,0.5,0.5,0.117855116316,0.00455301553793,1.24044295321e-16
0.205322444439,0.082197368145,0.504166666667,relu,3.1622776601683792e-08,"(25, 25, 25)","{'MLP__hidden_layer_sizes': (25, 25, 25), 'MLP__activation': 'relu', 'MLP__alpha': 3.1622776601683792e-08}",52,0.5,0.516666666667,0.5,0.5,0.101028750386,0.0254383745153,0.00721687836487
0.331801056862,0.00821369886398,0.5,relu,3.1622776601683792e-08,"(50, 50, 50)","{'MLP__hidden_layer_sizes': (50, 50, 50), 'MLP__activation': 'relu', 'MLP__alpha': 3.1622776601683792e-08}",90,0.5,0.5,0.5,0.5,0.0344287805098,0.00049227647161,1.24044295321e-16
0.315095484257,0.00478827953339,0.5,relu,3.1622776601683792e-08,"(100, 100, 100)","{'MLP__hidden_layer_sizes': (100, 100, 100), 'MLP__activation': 'relu', 'MLP__alpha': 3.1622776601683792e-08}",90,0.5,0.5,0.5,0.5,0.0776763395358,0.000865356819187,1.24044295321e-16
