mean_fit_time,mean_score_time,mean_test_score,param_MLP__activation,param_MLP__alpha,param_MLP__hidden_layer_sizes,params,rank_test_score,split0_test_score,split1_test_score,split2_test_score,std_fit_time,std_score_time,std_test_score
0.0353486537933,0.00247963269552,0.166666666667,logistic,0.050000000000000003,32,"{'MLP__hidden_layer_sizes': 32, 'MLP__activation': 'logistic', 'MLP__alpha': 0.050000000000000003}",211,0.166666666667,0.166666666667,0.166666666667,0.0023645308556,0.000220973453939,2.26623325918e-17
0.100900411606,0.166080633799,0.197675930152,logistic,0.050000000000000003,64,"{'MLP__hidden_layer_sizes': 64, 'MLP__activation': 'logistic', 'MLP__alpha': 0.050000000000000003}",189,0.209438034691,0.204542949157,0.1789240964,0.0272422825028,0.0260172773984,0.0133700736866
0.27614068985,0.0147143999736,0.207453653136,logistic,0.050000000000000003,128,"{'MLP__hidden_layer_sizes': 128, 'MLP__activation': 'logistic', 'MLP__alpha': 0.050000000000000003}",156,0.193513068048,0.210235907369,0.218713325509,0.0702574961147,0.00600628610905,0.0104742980821
0.17475159963,0.011436065038,0.166666666667,logistic,0.050000000000000003,"(32, 64, 32)","{'MLP__hidden_layer_sizes': (32, 64, 32), 'MLP__activation': 'logistic', 'MLP__alpha': 0.050000000000000003}",211,0.166666666667,0.166666666667,0.166666666667,0.0330637632694,0.00162420607281,2.26623325918e-17
0.449814001719,0.0243550141652,0.166666666667,logistic,0.050000000000000003,"(64, 128, 64)","{'MLP__hidden_layer_sizes': (64, 128, 64), 'MLP__activation': 'logistic', 'MLP__alpha': 0.050000000000000003}",271,0.166666666667,0.166666666667,0.166666666667,0.1609323114,0.00500086470564,3.5889886836e-17
0.124684890111,0.00176612536112,0.166666666667,logistic,0.15000000000000002,32,"{'MLP__hidden_layer_sizes': 32, 'MLP__activation': 'logistic', 'MLP__alpha': 0.15000000000000002}",211,0.166666666667,0.166666666667,0.166666666667,0.0401382895586,5.22872231563e-05,2.26623325918e-17
0.41086824735,0.124865372976,0.197855862311,logistic,0.15000000000000002,64,"{'MLP__hidden_layer_sizes': 64, 'MLP__activation': 'logistic', 'MLP__alpha': 0.15000000000000002}",187,0.2099756691,0.204542949157,0.1789240964,0.186236880216,0.0309211295128,0.0135298187073
0.780353943507,0.0120420455933,0.209546645863,logistic,0.15000000000000002,128,"{'MLP__hidden_layer_sizes': 128, 'MLP__activation': 'logistic', 'MLP__alpha': 0.15000000000000002}",151,0.192904795542,0.216800919692,0.219039320981,0.240793004907,0.00674749378427,0.0118383264625
0.272272030512,0.0198419888814,0.166666666667,logistic,0.15000000000000002,"(32, 64, 32)","{'MLP__hidden_layer_sizes': (32, 64, 32), 'MLP__activation': 'logistic', 'MLP__alpha': 0.15000000000000002}",211,0.166666666667,0.166666666667,0.166666666667,0.0460676400705,0.0199486083136,2.26623325918e-17
0.571817000707,0.031920671463,0.166666666667,logistic,0.15000000000000002,"(64, 128, 64)","{'MLP__hidden_layer_sizes': (64, 128, 64), 'MLP__activation': 'logistic', 'MLP__alpha': 0.15000000000000002}",271,0.166666666667,0.166666666667,0.166666666667,0.176722807884,0.0115230429197,3.5889886836e-17
0.084938287735,0.00165367126465,0.166666666667,logistic,0.25000000000000006,32,"{'MLP__hidden_layer_sizes': 32, 'MLP__activation': 'logistic', 'MLP__alpha': 0.25000000000000006}",211,0.166666666667,0.166666666667,0.166666666667,0.00866696039349,3.3990050611e-05,2.26623325918e-17
0.354791720708,0.0522530873617,0.19765228943,logistic,0.25000000000000006,64,"{'MLP__hidden_layer_sizes': 64, 'MLP__activation': 'logistic', 'MLP__alpha': 0.25000000000000006}",190,0.209367396594,0.204542949157,0.1789240964,0.0252578677778,0.0191909882044,0.0133493015607
0.669869740804,0.0153252283732,0.209546645863,logistic,0.25000000000000006,128,"{'MLP__hidden_layer_sizes': 128, 'MLP__activation': 'logistic', 'MLP__alpha': 0.25000000000000006}",151,0.192904795542,0.216800919692,0.219039320981,0.272576622181,0.00101877878487,0.0118383264625
0.335586309433,0.0113015969594,0.166666666667,logistic,0.25000000000000006,"(32, 64, 32)","{'MLP__hidden_layer_sizes': (32, 64, 32), 'MLP__activation': 'logistic', 'MLP__alpha': 0.25000000000000006}",211,0.166666666667,0.166666666667,0.166666666667,0.0177862669395,0.00377704040568,2.26623325918e-17
0.499331712723,0.0548937320709,0.166666666667,logistic,0.25000000000000006,"(64, 128, 64)","{'MLP__hidden_layer_sizes': (64, 128, 64), 'MLP__activation': 'logistic', 'MLP__alpha': 0.25000000000000006}",271,0.166666666667,0.166666666667,0.166666666667,0.0792757294799,0.0420064144337,3.5889886836e-17
0.0774269898733,0.00590674082438,0.166666666667,logistic,0.35000000000000003,32,"{'MLP__hidden_layer_sizes': 32, 'MLP__activation': 'logistic', 'MLP__alpha': 0.35000000000000003}",211,0.166666666667,0.166666666667,0.166666666667,0.0273140127185,0.00584680655573,2.26623325918e-17
0.198821385701,0.100299358368,0.197246774426,logistic,0.35000000000000003,64,"{'MLP__hidden_layer_sizes': 64, 'MLP__activation': 'logistic', 'MLP__alpha': 0.35000000000000003}",194,0.209367396594,0.203326404145,0.1789240964,0.0941374358226,0.0204582534699,0.0131508252661
0.847337722778,0.0185826619466,0.209141130858,logistic,0.35000000000000003,128,"{'MLP__hidden_layer_sizes': 128, 'MLP__activation': 'logistic', 'MLP__alpha': 0.35000000000000003}",153,0.192904795542,0.21558437468,0.219039320981,0.31666774733,0.00192071927383,0.0116013544255
0.412036577861,0.0121123790741,0.166666666667,logistic,0.35000000000000003,"(32, 64, 32)","{'MLP__hidden_layer_sizes': (32, 64, 32), 'MLP__activation': 'logistic', 'MLP__alpha': 0.35000000000000003}",211,0.166666666667,0.166666666667,0.166666666667,0.0258242550927,0.00080382101755,2.26623325918e-17
0.685606002808,0.035609404246,0.166666666667,logistic,0.35000000000000003,"(64, 128, 64)","{'MLP__hidden_layer_sizes': (64, 128, 64), 'MLP__activation': 'logistic', 'MLP__alpha': 0.35000000000000003}",271,0.166666666667,0.166666666667,0.166666666667,0.0563277437505,0.00116851333887,3.5889886836e-17
0.0591005484263,0.0022250811259,0.166666666667,logistic,0.45000000000000007,32,"{'MLP__hidden_layer_sizes': 32, 'MLP__activation': 'logistic', 'MLP__alpha': 0.45000000000000007}",211,0.166666666667,0.166666666667,0.166666666667,0.0185682932583,0.000719073552696,2.26623325918e-17
0.251722971598,0.0980350176493,0.197517566369,logistic,0.45000000000000007,64,"{'MLP__hidden_layer_sizes': 64, 'MLP__activation': 'logistic', 'MLP__alpha': 0.45000000000000007}",191,0.208829762185,0.204141371192,0.179463470726,0.0243472839131,0.0174438340381,0.0128710883937
0.719932397207,0.0165796279907,0.207506689735,logistic,0.45000000000000007,128,"{'MLP__hidden_layer_sizes': 128, 'MLP__activation': 'logistic', 'MLP__alpha': 0.45000000000000007}",154,0.193442429951,0.214976102174,0.214184952049,0.516388740244,0.00874137486516,0.00998016058234
0.18238568306,0.0226963361104,0.166666666667,logistic,0.45000000000000007,"(32, 64, 32)","{'MLP__hidden_layer_sizes': (32, 64, 32), 'MLP__activation': 'logistic', 'MLP__alpha': 0.45000000000000007}",211,0.166666666667,0.166666666667,0.166666666667,0.0528625953384,0.0199265257861,2.26623325918e-17
0.49493932724,0.0392610232035,0.166666666667,logistic,0.45000000000000007,"(64, 128, 64)","{'MLP__hidden_layer_sizes': (64, 128, 64), 'MLP__activation': 'logistic', 'MLP__alpha': 0.45000000000000007}",271,0.166666666667,0.166666666667,0.166666666667,0.103590432715,0.0072951809033,3.5889886836e-17
0.0856697559357,0.00180196762085,0.166666666667,logistic,0.55000000000000016,32,"{'MLP__hidden_layer_sizes': 32, 'MLP__activation': 'logistic', 'MLP__alpha': 0.55000000000000016}",211,0.166666666667,0.166666666667,0.166666666667,0.0257071577059,3.38436831631e-05,2.26623325918e-17
0.417390346527,0.0226183732351,0.197517566369,logistic,0.55000000000000016,64,"{'MLP__hidden_layer_sizes': 64, 'MLP__activation': 'logistic', 'MLP__alpha': 0.55000000000000016}",191,0.208829762185,0.204141371192,0.179463470726,0.18612072722,0.0172798264033,0.0128710883937
0.574581066767,0.0235246817271,0.207483723675,logistic,0.55000000000000016,128,"{'MLP__hidden_layer_sizes': 128, 'MLP__activation': 'logistic', 'MLP__alpha': 0.55000000000000016}",155,0.193442429951,0.214907203994,0.214184952049,0.224945105243,0.0194586370981,0.00996301029705
0.308726708094,0.0259646574656,0.166666666667,logistic,0.55000000000000016,"(32, 64, 32)","{'MLP__hidden_layer_sizes': (32, 64, 32), 'MLP__activation': 'logistic', 'MLP__alpha': 0.55000000000000016}",211,0.166666666667,0.166666666667,0.166666666667,0.00930711666438,0.0221458090365,2.26623325918e-17
0.485819339752,0.0171926816305,0.166666666667,logistic,0.55000000000000016,"(64, 128, 64)","{'MLP__hidden_layer_sizes': (64, 128, 64), 'MLP__activation': 'logistic', 'MLP__alpha': 0.55000000000000016}",271,0.166666666667,0.166666666667,0.166666666667,0.159960139947,0.00104126231828,3.5889886836e-17
0.0670492649078,0.00176334381104,0.166666666667,logistic,0.65000000000000013,32,"{'MLP__hidden_layer_sizes': 32, 'MLP__activation': 'logistic', 'MLP__alpha': 0.65000000000000013}",211,0.166666666667,0.166666666667,0.166666666667,0.0054534777529,6.13658114319e-05,2.26623325918e-17
0.282244364421,0.0929483572642,0.197829846753,logistic,0.65000000000000013,64,"{'MLP__hidden_layer_sizes': 64, 'MLP__activation': 'logistic', 'MLP__alpha': 0.65000000000000013}",188,0.208829762185,0.204611847337,0.179931718767,0.17660808333,0.0310305450257,0.0127349257553
0.4292725722,0.00967812538147,0.205856911241,logistic,0.65000000000000013,128,"{'MLP__hidden_layer_sizes': 128, 'MLP__activation': 'logistic', 'MLP__alpha': 0.65000000000000013}",161,0.192834157444,0.210637485335,0.214184952049,0.104508156159,0.00388819931434,0.00934889230605
0.361789226532,0.0110590457916,0.166666666667,logistic,0.65000000000000013,"(32, 64, 32)","{'MLP__hidden_layer_sizes': (32, 64, 32), 'MLP__activation': 'logistic', 'MLP__alpha': 0.65000000000000013}",211,0.166666666667,0.166666666667,0.166666666667,0.0325265992538,2.37710218352e-05,2.26623325918e-17
0.521474281947,0.0393590132395,0.166666666667,logistic,0.65000000000000013,"(64, 128, 64)","{'MLP__hidden_layer_sizes': (64, 128, 64), 'MLP__activation': 'logistic', 'MLP__alpha': 0.65000000000000013}",271,0.166666666667,0.166666666667,0.166666666667,0.0483880835112,0.0179869279501,3.5889886836e-17
0.0799362659454,0.00173171361287,0.166666666667,logistic,0.75000000000000022,32,"{'MLP__hidden_layer_sizes': 32, 'MLP__activation': 'logistic', 'MLP__alpha': 0.75000000000000022}",211,0.166666666667,0.166666666667,0.166666666667,0.029534248447,1.3038878398e-05,2.26623325918e-17
0.515895764033,0.0296949545542,0.197400869659,logistic,0.75000000000000022,64,"{'MLP__hidden_layer_sizes': 64, 'MLP__activation': 'logistic', 'MLP__alpha': 0.75000000000000022}",193,0.208829762185,0.204611847337,0.178639591261,0.146991761489,0.0243690455144,0.0133380800574
0.623439709345,0.017742951711,0.205653338361,logistic,0.75000000000000022,128,"{'MLP__hidden_layer_sizes': 128, 'MLP__activation': 'logistic', 'MLP__alpha': 0.75000000000000022}",165,0.192225884938,0.210637485335,0.214184952049,0.14596730261,0.00397551094019,0.00963256623281
0.248652378718,0.00714302062988,0.166666666667,logistic,0.75000000000000022,"(32, 64, 32)","{'MLP__hidden_layer_sizes': (32, 64, 32), 'MLP__activation': 'logistic', 'MLP__alpha': 0.75000000000000022}",211,0.166666666667,0.166666666667,0.166666666667,0.0535577245432,0.00330581387604,2.26623325918e-17
0.520898660024,0.0306873321533,0.166666666667,logistic,0.75000000000000022,"(64, 128, 64)","{'MLP__hidden_layer_sizes': (64, 128, 64), 'MLP__activation': 'logistic', 'MLP__alpha': 0.75000000000000022}",271,0.166666666667,0.166666666667,0.166666666667,0.148468740231,0.00930917366963,3.5889886836e-17
0.0978942712148,0.0158013502757,0.166666666667,logistic,0.8500000000000002,32,"{'MLP__hidden_layer_sizes': 32, 'MLP__activation': 'logistic', 'MLP__alpha': 0.8500000000000002}",211,0.166666666667,0.166666666667,0.166666666667,0.0228260220276,0.0185521086646,2.26623325918e-17
0.469090064367,0.0404823621114,0.196995430319,logistic,0.8500000000000002,64,"{'MLP__hidden_layer_sizes': 64, 'MLP__activation': 'logistic', 'MLP__alpha': 0.8500000000000002}",195,0.208829762185,0.204003574831,0.17802909065,0.0563344775854,0.010858785061,0.0135154744237
0.659582297007,0.014421304067,0.205833129802,logistic,0.8500000000000002,128,"{'MLP__hidden_layer_sizes': 128, 'MLP__activation': 'logistic', 'MLP__alpha': 0.8500000000000002}",162,0.192225884938,0.21117685966,0.214184952049,0.0919818053405,0.00622689254132,0.00972847347209
0.193011601766,0.00979630152384,0.166666666667,logistic,0.8500000000000002,"(32, 64, 32)","{'MLP__hidden_layer_sizes': (32, 64, 32), 'MLP__activation': 'logistic', 'MLP__alpha': 0.8500000000000002}",211,0.166666666667,0.166666666667,0.166666666667,0.0802238648574,0.00276369653259,2.26623325918e-17
0.543212970098,0.0319179693858,0.166666666667,logistic,0.8500000000000002,"(64, 128, 64)","{'MLP__hidden_layer_sizes': (64, 128, 64), 'MLP__activation': 'logistic', 'MLP__alpha': 0.8500000000000002}",271,0.166666666667,0.166666666667,0.166666666667,0.0714473753469,0.00241424460154,3.5889886836e-17
0.0453722476959,0.00166074434916,0.166666666667,logistic,0.95000000000000018,32,"{'MLP__hidden_layer_sizes': 32, 'MLP__activation': 'logistic', 'MLP__alpha': 0.95000000000000018}",211,0.166666666667,0.166666666667,0.166666666667,0.0347222671472,5.33370065507e-05,2.26623325918e-17
0.272976318995,0.0602396329244,0.196995430319,logistic,0.95000000000000018,64,"{'MLP__hidden_layer_sizes': 64, 'MLP__activation': 'logistic', 'MLP__alpha': 0.95000000000000018}",195,0.208829762185,0.204003574831,0.17802909065,0.206957335451,0.0218767176814,0.0135154744237
0.671059052149,0.0322875976562,0.205654061382,logistic,0.95000000000000018,128,"{'MLP__hidden_layer_sizes': 128, 'MLP__activation': 'logistic', 'MLP__alpha': 0.95000000000000018}",164,0.192225884938,0.21117685966,0.213645577723,0.126450465332,0.0162157816752,0.00957687946452
0.377919356028,0.0130909283956,0.166666666667,logistic,0.95000000000000018,"(32, 64, 32)","{'MLP__hidden_layer_sizes': (32, 64, 32), 'MLP__activation': 'logistic', 'MLP__alpha': 0.95000000000000018}",211,0.166666666667,0.166666666667,0.166666666667,0.0416860496684,0.00247211795207,2.26623325918e-17
0.690388917923,0.0275094509125,0.166666666667,logistic,0.95000000000000018,"(64, 128, 64)","{'MLP__hidden_layer_sizes': (64, 128, 64), 'MLP__activation': 'logistic', 'MLP__alpha': 0.95000000000000018}",271,0.166666666667,0.166666666667,0.166666666667,0.0653845685275,0.00305322554678,3.5889886836e-17
0.148050308228,0.0105536778768,0.166666666667,logistic,1.0500000000000003,32,"{'MLP__hidden_layer_sizes': 32, 'MLP__activation': 'logistic', 'MLP__alpha': 1.0500000000000003}",211,0.166666666667,0.166666666667,0.166666666667,0.0343313536537,0.00702552770483,2.26623325918e-17
0.424146970113,0.0343836943309,0.196530945761,logistic,1.0500000000000003,64,"{'MLP__hidden_layer_sizes': 64, 'MLP__activation': 'logistic', 'MLP__alpha': 1.0500000000000003}",204,0.206906836198,0.204003574831,0.178568464976,0.0939887044094,0.0208072799462,0.01271856158
0.57405479749,0.0153826077779,0.206013061962,logistic,1.0500000000000003,128,"{'MLP__hidden_layer_sizes': 128, 'MLP__activation': 'logistic', 'MLP__alpha': 1.0500000000000003}",158,0.192763519347,0.21117685966,0.214184952049,0.0498010402009,0.00528427525268,0.00947685582563
0.257470925649,0.00974567731222,0.166666666667,logistic,1.0500000000000003,"(32, 64, 32)","{'MLP__hidden_layer_sizes': (32, 64, 32), 'MLP__activation': 'logistic', 'MLP__alpha': 1.0500000000000003}",211,0.166666666667,0.166666666667,0.166666666667,0.0223431463341,0.000945052619698,2.26623325918e-17
0.487843990326,0.0311249891917,0.166666666667,logistic,1.0500000000000003,"(64, 128, 64)","{'MLP__hidden_layer_sizes': (64, 128, 64), 'MLP__activation': 'logistic', 'MLP__alpha': 1.0500000000000003}",271,0.166666666667,0.166666666667,0.166666666667,0.0542184754544,0.00838885564033,3.5889886836e-17
0.11666170756,0.0162629286448,0.166666666667,logistic,1.1500000000000004,32,"{'MLP__hidden_layer_sizes': 32, 'MLP__activation': 'logistic', 'MLP__alpha': 1.1500000000000004}",211,0.166666666667,0.166666666667,0.166666666667,0.00431162527274,0.0110939140041,2.26623325918e-17
0.468335707982,0.0344236691793,0.19684355594,logistic,1.1500000000000004,64,"{'MLP__hidden_layer_sizes': 64, 'MLP__activation': 'logistic', 'MLP__alpha': 1.1500000000000004}",201,0.207911466918,0.204003574831,0.178497338692,0.149972523792,0.0180058965123,0.0130318491844
0.623868624369,0.0222793420156,0.206192994121,logistic,1.1500000000000004,128,"{'MLP__hidden_layer_sizes': 128, 'MLP__activation': 'logistic', 'MLP__alpha': 1.1500000000000004}",157,0.193301153756,0.21117685966,0.214184952049,0.0978890259774,0.00975414872882,0.00922535207235
0.333791335424,0.02290503184,0.166666666667,logistic,1.1500000000000004,"(32, 64, 32)","{'MLP__hidden_layer_sizes': (32, 64, 32), 'MLP__activation': 'logistic', 'MLP__alpha': 1.1500000000000004}",211,0.166666666667,0.166666666667,0.166666666667,0.0757216287282,0.0132908256847,2.26623325918e-17
0.663527329763,0.0271577040354,0.166666666667,logistic,1.1500000000000004,"(64, 128, 64)","{'MLP__hidden_layer_sizes': (64, 128, 64), 'MLP__activation': 'logistic', 'MLP__alpha': 1.1500000000000004}",271,0.166666666667,0.166666666667,0.166666666667,0.247788316435,0.0100139691306,3.5889886836e-17
0.124203999837,0.00434390703837,0.166666666667,logistic,1.2500000000000002,32,"{'MLP__hidden_layer_sizes': 32, 'MLP__activation': 'logistic', 'MLP__alpha': 1.2500000000000002}",211,0.166666666667,0.166666666667,0.166666666667,0.00257409301995,0.00369397779255,2.26623325918e-17
0.311404546102,0.0780493418376,0.196719235099,logistic,1.2500000000000002,64,"{'MLP__hidden_layer_sizes': 64, 'MLP__activation': 'logistic', 'MLP__alpha': 1.2500000000000002}",202,0.207004944667,0.204003574831,0.179036713017,0.0902501891737,0.0161159434524,0.0125259340802
0.641622304916,0.0249586900075,0.20598942124,logistic,1.2500000000000002,128,"{'MLP__hidden_layer_sizes': 128, 'MLP__activation': 'logistic', 'MLP__alpha': 1.2500000000000002}",159,0.19269288125,0.21117685966,0.214184952049,0.205816147682,0.00221132000677,0.00950990877396
0.385836442312,0.014110883077,0.166666666667,logistic,1.2500000000000002,"(32, 64, 32)","{'MLP__hidden_layer_sizes': (32, 64, 32), 'MLP__activation': 'logistic', 'MLP__alpha': 1.2500000000000002}",211,0.166666666667,0.166666666667,0.166666666667,0.0175679148184,0.000882616656445,2.26623325918e-17
0.556313355764,0.0455420017242,0.166666666667,logistic,1.2500000000000002,"(64, 128, 64)","{'MLP__hidden_layer_sizes': (64, 128, 64), 'MLP__activation': 'logistic', 'MLP__alpha': 1.2500000000000002}",271,0.166666666667,0.166666666667,0.166666666667,0.124143868535,0.0255466803153,3.5889886836e-17
0.0998535950979,0.0223206679026,0.166666666667,logistic,1.3500000000000003,32,"{'MLP__hidden_layer_sizes': 32, 'MLP__activation': 'logistic', 'MLP__alpha': 1.3500000000000003}",211,0.166666666667,0.166666666667,0.166666666667,0.00868033564819,0.00741288100113,2.26623325918e-17
0.363236586253,0.0396017233531,0.196975952525,logistic,1.3500000000000003,64,"{'MLP__hidden_layer_sizes': 64, 'MLP__activation': 'logistic', 'MLP__alpha': 1.3500000000000003}",198,0.207303194412,0.205082323483,0.178426212407,0.133543092835,0.0131539149525,0.0131085617981
0.826330979665,0.026615301768,0.205965780518,logistic,1.3500000000000003,128,"{'MLP__hidden_layer_sizes': 128, 'MLP__activation': 'logistic', 'MLP__alpha': 1.3500000000000003}",160,0.192622243152,0.21117685966,0.214184952049,0.170503864677,0.00228693706242,0.00954296366661
0.386992613475,0.0192443529765,0.166666666667,logistic,1.3500000000000003,"(32, 64, 32)","{'MLP__hidden_layer_sizes': (32, 64, 32), 'MLP__activation': 'logistic', 'MLP__alpha': 1.3500000000000003}",211,0.166666666667,0.166666666667,0.166666666667,0.057917634056,0.00637406185077,2.26623325918e-17
0.629832426707,0.036410967509,0.166666666667,logistic,1.3500000000000003,"(64, 128, 64)","{'MLP__hidden_layer_sizes': (64, 128, 64), 'MLP__activation': 'logistic', 'MLP__alpha': 1.3500000000000003}",271,0.166666666667,0.166666666667,0.166666666667,0.0376871293786,0.00872871326156,3.5889886836e-17
0.0993880430857,0.00943620999654,0.166666666667,logistic,1.4500000000000004,32,"{'MLP__hidden_layer_sizes': 32, 'MLP__activation': 'logistic', 'MLP__alpha': 1.4500000000000004}",211,0.166666666667,0.166666666667,0.166666666667,0.0225488062719,0.0109048601872,2.26623325918e-17
0.331982533137,0.0570667584737,0.196975952525,logistic,1.4500000000000004,64,"{'MLP__hidden_layer_sizes': 64, 'MLP__activation': 'logistic', 'MLP__alpha': 1.4500000000000004}",198,0.207303194412,0.205082323483,0.178426212407,0.11832342135,0.036850177995,0.0131085617981
0.672882715861,0.0263562202454,0.205355877255,logistic,1.4500000000000004,128,"{'MLP__hidden_layer_sizes': 128, 'MLP__activation': 'logistic', 'MLP__alpha': 1.4500000000000004}",168,0.19140569814,0.210568587154,0.214184952049,0.17599272843,0.00294653243667,0.0100033581908
0.462880214055,0.0197690327962,0.166666666667,logistic,1.4500000000000004,"(32, 64, 32)","{'MLP__hidden_layer_sizes': (32, 64, 32), 'MLP__activation': 'logistic', 'MLP__alpha': 1.4500000000000004}",211,0.166666666667,0.166666666667,0.166666666667,0.0275052774403,0.00656486608968,2.26623325918e-17
0.533782720566,0.0240482489268,0.166666666667,logistic,1.4500000000000004,"(64, 128, 64)","{'MLP__hidden_layer_sizes': (64, 128, 64), 'MLP__activation': 'logistic', 'MLP__alpha': 1.4500000000000004}",271,0.166666666667,0.166666666667,0.166666666667,0.126791605541,0.010583817458,3.5889886836e-17
0.12025976181,0.0017519791921,0.166666666667,logistic,1.5500000000000003,32,"{'MLP__hidden_layer_sizes': 32, 'MLP__activation': 'logistic', 'MLP__alpha': 1.5500000000000003}",211,0.166666666667,0.166666666667,0.166666666667,0.0247862246686,6.67098801023e-06,2.26623325918e-17
0.475517908732,0.0433660348256,0.204909582265,logistic,1.5500000000000003,64,"{'MLP__hidden_layer_sizes': 64, 'MLP__activation': 'logistic', 'MLP__alpha': 1.5500000000000003}",173,0.206934306569,0.207653209868,0.200113802056,0.150437692193,0.0150607337205,0.00339364619004
0.525693019231,0.0233433246613,0.205152304374,logistic,1.5500000000000003,128,"{'MLP__hidden_layer_sizes': 128, 'MLP__activation': 'logistic', 'MLP__alpha': 1.5500000000000003}",171,0.190797425634,0.210568587154,0.214184952049,0.182407764226,0.00798861677711,0.0102873377149
0.34782799085,0.0114247004191,0.166666666667,logistic,1.5500000000000003,"(32, 64, 32)","{'MLP__hidden_layer_sizes': (32, 64, 32), 'MLP__activation': 'logistic', 'MLP__alpha': 1.5500000000000003}",211,0.166666666667,0.166666666667,0.166666666667,0.0352523937897,0.000917266526884,2.26623325918e-17
0.487314303716,0.0264316399892,0.166666666667,logistic,1.5500000000000003,"(64, 128, 64)","{'MLP__hidden_layer_sizes': (64, 128, 64), 'MLP__activation': 'logistic', 'MLP__alpha': 1.5500000000000003}",271,0.166666666667,0.166666666667,0.166666666667,0.0402634390604,0.00808554238408,3.5889886836e-17
0.107919375102,0.00314696629842,0.166666666667,logistic,1.6500000000000004,32,"{'MLP__hidden_layer_sizes': 32, 'MLP__activation': 'logistic', 'MLP__alpha': 1.6500000000000004}",211,0.166666666667,0.166666666667,0.166666666667,0.00077940987688,0.00203468695402,2.26623325918e-17
0.307152271271,0.0625320275625,0.205269165149,logistic,1.6500000000000004,64,"{'MLP__hidden_layer_sizes': 64, 'MLP__activation': 'logistic', 'MLP__alpha': 1.6500000000000004}",169,0.206934306569,0.208731958519,0.200113802056,0.0953949865451,0.0307200522358,0.00370790469338
0.655171076457,0.0253246625264,0.204924227033,logistic,1.6500000000000004,128,"{'MLP__hidden_layer_sizes': 128, 'MLP__activation': 'logistic', 'MLP__alpha': 1.6500000000000004}",172,0.189580880622,0.210568587154,0.214724326375,0.13101459065,0.00274524256165,0.0110133180289
0.426597595215,0.0143176714579,0.166666666667,logistic,1.6500000000000004,"(32, 64, 32)","{'MLP__hidden_layer_sizes': (32, 64, 32), 'MLP__activation': 'logistic', 'MLP__alpha': 1.6500000000000004}",211,0.166666666667,0.166666666667,0.166666666667,0.0347466759915,0.00195055262612,2.26623325918e-17
0.533588965734,0.0253732999166,0.166666666667,logistic,1.6500000000000004,"(64, 128, 64)","{'MLP__hidden_layer_sizes': (64, 128, 64), 'MLP__activation': 'logistic', 'MLP__alpha': 1.6500000000000004}",271,0.166666666667,0.166666666667,0.166666666667,0.0838790849662,0.0072593175927,3.5889886836e-17
0.120167573293,0.0123843352,0.166666666667,logistic,1.7500000000000004,32,"{'MLP__hidden_layer_sizes': 32, 'MLP__activation': 'logistic', 'MLP__alpha': 1.7500000000000004}",211,0.166666666667,0.166666666667,0.166666666667,0.0141333629863,0.00963160743346,2.26623325918e-17
0.29500579834,0.0899865627289,0.205808097887,logistic,1.7500000000000004,64,"{'MLP__hidden_layer_sizes': 64, 'MLP__activation': 'logistic', 'MLP__alpha': 1.7500000000000004}",163,0.208009575387,0.208731958519,0.200653176381,0.0234206401502,0.0202537632772,0.00364606212552
0.648792902629,0.0233246485392,0.204901336637,logistic,1.7500000000000004,128,"{'MLP__hidden_layer_sizes': 128, 'MLP__activation': 'logistic', 'MLP__alpha': 1.7500000000000004}",174,0.189580880622,0.21110796148,0.214113825764,0.122639361401,0.000794038544527,0.0109348238808
0.387371619542,0.0140686829885,0.166666666667,logistic,1.7500000000000004,"(32, 64, 32)","{'MLP__hidden_layer_sizes': (32, 64, 32), 'MLP__activation': 'logistic', 'MLP__alpha': 1.7500000000000004}",211,0.166666666667,0.166666666667,0.166666666667,0.0487147964196,0.00091283152829,2.26623325918e-17
0.594069719315,0.0244096914927,0.166666666667,logistic,1.7500000000000004,"(64, 128, 64)","{'MLP__hidden_layer_sizes': (64, 128, 64), 'MLP__activation': 'logistic', 'MLP__alpha': 1.7500000000000004}",271,0.166666666667,0.166666666667,0.166666666667,0.195905460091,0.00441710707437,3.5889886836e-17
0.118628978729,0.00862805048625,0.166666666667,logistic,1.8500000000000003,32,"{'MLP__hidden_layer_sizes': 32, 'MLP__activation': 'logistic', 'MLP__alpha': 1.8500000000000003}",211,0.166666666667,0.166666666667,0.166666666667,0.013057793042,0.00966618332696,2.26623325918e-17
0.364624977112,0.0645693143209,0.205605340385,logistic,1.8500000000000003,64,"{'MLP__hidden_layer_sizes': 64, 'MLP__activation': 'logistic', 'MLP__alpha': 1.8500000000000003}",166,0.208009575387,0.208123686013,0.200653176381,0.0799239493521,0.0607319081949,0.00349146400185
0.745632807414,0.0140362580617,0.204877723219,logistic,1.8500000000000003,128,"{'MLP__hidden_layer_sizes': 128, 'MLP__activation': 'logistic', 'MLP__alpha': 1.8500000000000003}",175,0.189580880622,0.21110796148,0.21404269948,0.170269673296,0.00625502806312,0.0109149630568
0.450719038645,0.0207358996073,0.166666666667,logistic,1.8500000000000003,"(32, 64, 32)","{'MLP__hidden_layer_sizes': (32, 64, 32), 'MLP__activation': 'logistic', 'MLP__alpha': 1.8500000000000003}",211,0.166666666667,0.166666666667,0.166666666667,0.105753939792,0.00839187364854,2.26623325918e-17
0.614553054174,0.0277849833171,0.166666666667,logistic,1.8500000000000003,"(64, 128, 64)","{'MLP__hidden_layer_sizes': (64, 128, 64), 'MLP__activation': 'logistic', 'MLP__alpha': 1.8500000000000003}",271,0.166666666667,0.166666666667,0.166666666667,0.186069344019,0.00470541863297,3.5889886836e-17
0.10885365804,0.00642069180806,0.166666666667,logistic,1.9500000000000004,32,"{'MLP__hidden_layer_sizes': 32, 'MLP__activation': 'logistic', 'MLP__alpha': 1.9500000000000004}",211,0.166666666667,0.166666666667,0.166666666667,0.0160648479124,0.0065629415053,2.26623325918e-17
0.481809616089,0.0276676813761,0.205401767504,logistic,1.9500000000000004,64,"{'MLP__hidden_layer_sizes': 64, 'MLP__activation': 'logistic', 'MLP__alpha': 1.9500000000000004}",167,0.20740130288,0.208123686013,0.200653176381,0.0614744744569,0.010162746249,0.00336062980026
0.446298996607,0.0140350659688,0.204267895619,logistic,1.9500000000000004,128,"{'MLP__hidden_layer_sizes': 128, 'MLP__activation': 'logistic', 'MLP__alpha': 1.9500000000000004}",179,0.188364335609,0.21110796148,0.213432198869,0.186769181139,0.00860355458235,0.0113192101379
0.409361362457,0.0154215494792,0.166666666667,logistic,1.9500000000000004,"(32, 64, 32)","{'MLP__hidden_layer_sizes': (32, 64, 32), 'MLP__activation': 'logistic', 'MLP__alpha': 1.9500000000000004}",211,0.166666666667,0.166666666667,0.166666666667,0.0425724426097,0.00305028040418,2.26623325918e-17
0.548875967662,0.0253620147705,0.166666666667,logistic,1.9500000000000004,"(64, 128, 64)","{'MLP__hidden_layer_sizes': (64, 128, 64), 'MLP__activation': 'logistic', 'MLP__alpha': 1.9500000000000004}",271,0.166666666667,0.166666666667,0.166666666667,0.159528619192,0.00613174673066,3.5889886836e-17
0.0893383820852,0.00174363454183,0.166666666667,logistic,2.0500000000000003,32,"{'MLP__hidden_layer_sizes': 32, 'MLP__activation': 'logistic', 'MLP__alpha': 2.0500000000000003}",211,0.166666666667,0.166666666667,0.166666666667,0.0248215267378,4.54650053923e-05,2.26623325918e-17
0.273934920629,0.0805173714956,0.205152619602,logistic,2.0500000000000003,64,"{'MLP__hidden_layer_sizes': 64, 'MLP__activation': 'logistic', 'MLP__alpha': 2.0500000000000003}",170,0.207868299192,0.207515413507,0.200042675771,0.118833256316,0.0358459861456,0.00360526875237
0.748245318731,0.0163159370422,0.20462761922,logistic,2.0500000000000003,128,"{'MLP__hidden_layer_sizes': 128, 'MLP__activation': 'logistic', 'MLP__alpha': 2.0500000000000003}",176,0.188901970018,0.211647335806,0.213432198869,0.116404482506,0.00745770579861,0.011176997652
0.355057954788,0.0116313298543,0.166666666667,logistic,2.0500000000000003,"(32, 64, 32)","{'MLP__hidden_layer_sizes': (32, 64, 32), 'MLP__activation': 'logistic', 'MLP__alpha': 2.0500000000000003}",211,0.166666666667,0.166666666667,0.166666666667,0.0642068845907,0.000848278033664,2.26623325918e-17
0.487354516983,0.0199681123098,0.166666666667,logistic,2.0500000000000003,"(64, 128, 64)","{'MLP__hidden_layer_sizes': (64, 128, 64), 'MLP__activation': 'logistic', 'MLP__alpha': 2.0500000000000003}",271,0.166666666667,0.166666666667,0.166666666667,0.0407404122764,0.00200006910209,3.5889886836e-17
0.0857480367025,0.0045739809672,0.166666666667,logistic,2.1500000000000004,32,"{'MLP__hidden_layer_sizes': 32, 'MLP__activation': 'logistic', 'MLP__alpha': 2.1500000000000004}",211,0.166666666667,0.166666666667,0.166666666667,0.0377973571136,0.00216224682654,2.26623325918e-17
0.347139040629,0.0443139870962,0.196891755894,logistic,2.1500000000000004,64,"{'MLP__hidden_layer_sizes': 64, 'MLP__activation': 'logistic', 'MLP__alpha': 2.1500000000000004}",200,0.207797661094,0.206907141001,0.175841957395,0.0771651234214,0.0483589536714,0.0148440465117
0.663514057795,0.0384299755096,0.204424861718,logistic,2.1500000000000004,128,"{'MLP__hidden_layer_sizes': 128, 'MLP__activation': 'logistic', 'MLP__alpha': 2.1500000000000004}",178,0.188901970018,0.2110390633,0.213432198869,0.0092126285599,0.0160017575611,0.0110526420969
0.53534468015,0.0231309731801,0.166666666667,logistic,2.1500000000000004,"(32, 64, 32)","{'MLP__hidden_layer_sizes': (32, 64, 32), 'MLP__activation': 'logistic', 'MLP__alpha': 2.1500000000000004}",211,0.166666666667,0.166666666667,0.166666666667,0.057058136525,0.0183792889916,2.26623325918e-17
0.539055426915,0.0287762482961,0.166666666667,logistic,2.1500000000000004,"(64, 128, 64)","{'MLP__hidden_layer_sizes': (64, 128, 64), 'MLP__activation': 'logistic', 'MLP__alpha': 2.1500000000000004}",271,0.166666666667,0.166666666667,0.166666666667,0.179480796836,0.017219912315,3.5889886836e-17
0.105806748072,0.015101591746,0.166666666667,logistic,2.2500000000000004,32,"{'MLP__hidden_layer_sizes': 32, 'MLP__activation': 'logistic', 'MLP__alpha': 2.2500000000000004}",211,0.166666666667,0.166666666667,0.166666666667,0.00967372883229,0.0125101802218,2.26623325918e-17
0.390151262283,0.0462834040324,0.196689074056,logistic,2.2500000000000004,64,"{'MLP__hidden_layer_sizes': 64, 'MLP__activation': 'logistic', 'MLP__alpha': 2.2500000000000004}",203,0.207797661094,0.206907141001,0.175231456785,0.114725459005,0.0232483317626,0.015131463842
0.661195278168,0.0117270151774,0.204581039742,logistic,2.2500000000000004,128,"{'MLP__hidden_layer_sizes': 128, 'MLP__activation': 'logistic', 'MLP__alpha': 2.2500000000000004}",177,0.188901970018,0.211578437625,0.213361072584,0.311557813027,0.00443705131886,0.0111439726227
0.386642297109,0.0152390797933,0.166666666667,logistic,2.2500000000000004,"(32, 64, 32)","{'MLP__hidden_layer_sizes': (32, 64, 32), 'MLP__activation': 'logistic', 'MLP__alpha': 2.2500000000000004}",211,0.166666666667,0.166666666667,0.166666666667,0.050422881007,0.00244184067592,2.26623325918e-17
0.609469970067,0.0406279563904,0.166666666667,logistic,2.2500000000000004,"(64, 128, 64)","{'MLP__hidden_layer_sizes': (64, 128, 64), 'MLP__activation': 'logistic', 'MLP__alpha': 2.2500000000000004}",271,0.166666666667,0.166666666667,0.166666666667,0.0769234979891,0.0263297718982,3.5889886836e-17
0.146505594254,0.00174204508464,0.166666666667,logistic,2.3500000000000001,32,"{'MLP__hidden_layer_sizes': 32, 'MLP__activation': 'logistic', 'MLP__alpha': 2.3500000000000001}",211,0.166666666667,0.166666666667,0.166666666667,0.0151476482996,1.64840581783e-05,2.26623325918e-17
0.27303870519,0.0541296799978,0.196485501175,logistic,2.3500000000000001,64,"{'MLP__hidden_layer_sizes': 64, 'MLP__activation': 'logistic', 'MLP__alpha': 2.3500000000000001}",205,0.207189388588,0.206907141001,0.175231456785,0.135360864511,0.0232292502548,0.014984017143
0.637850681941,0.0296169916789,0.204151884016,logistic,2.3500000000000001,128,"{'MLP__hidden_layer_sizes': 128, 'MLP__activation': 'logistic', 'MLP__alpha': 2.3500000000000001}",180,0.188831331921,0.210361892613,0.213361072584,0.145584715411,0.00485008502603,0.0109345863091
0.360955635707,0.0107394059499,0.166666666667,logistic,2.3500000000000001,"(32, 64, 32)","{'MLP__hidden_layer_sizes': (32, 64, 32), 'MLP__activation': 'logistic', 'MLP__alpha': 2.3500000000000001}",211,0.166666666667,0.166666666667,0.166666666667,0.0185039850583,0.00166461764738,2.26623325918e-17
0.523290236791,0.0256737073263,0.166666666667,logistic,2.3500000000000001,"(64, 128, 64)","{'MLP__hidden_layer_sizes': (64, 128, 64), 'MLP__activation': 'logistic', 'MLP__alpha': 2.3500000000000001}",271,0.166666666667,0.166666666667,0.166666666667,0.0171420862514,0.00283874905382,3.5889886836e-17
0.0819426377614,0.00539477666219,0.166666666667,logistic,2.4500000000000002,32,"{'MLP__hidden_layer_sizes': 32, 'MLP__activation': 'logistic', 'MLP__alpha': 2.4500000000000002}",211,0.166666666667,0.166666666667,0.166666666667,0.00493744321523,0.00528100643883,2.26623325918e-17
0.364693323771,0.0335249900818,0.196485501175,logistic,2.4500000000000002,64,"{'MLP__hidden_layer_sizes': 64, 'MLP__activation': 'logistic', 'MLP__alpha': 2.4500000000000002}",205,0.207189388588,0.206907141001,0.175231456785,0.125863275405,0.0289806486788,0.014984017143
0.700620730718,0.0266543229421,0.203949202178,logistic,2.4500000000000002,128,"{'MLP__hidden_layer_sizes': 128, 'MLP__activation': 'logistic', 'MLP__alpha': 2.4500000000000002}",181,0.188831331921,0.210361892613,0.212750571974,0.14262247876,0.000635932427937,0.0107663719367
0.407583077749,0.0133183797201,0.166666666667,logistic,2.4500000000000002,"(32, 64, 32)","{'MLP__hidden_layer_sizes': (32, 64, 32), 'MLP__activation': 'logistic', 'MLP__alpha': 2.4500000000000002}",211,0.166666666667,0.166666666667,0.166666666667,0.0308731392775,0.000891605081463,2.26623325918e-17
0.59567395846,0.0234490235647,0.166666666667,logistic,2.4500000000000002,"(64, 128, 64)","{'MLP__hidden_layer_sizes': (64, 128, 64), 'MLP__activation': 'logistic', 'MLP__alpha': 2.4500000000000002}",271,0.166666666667,0.166666666667,0.166666666667,0.10419401607,0.00486309361357,3.5889886836e-17
0.101611375809,0.0110489527384,0.166666666667,logistic,2.5500000000000003,32,"{'MLP__hidden_layer_sizes': 32, 'MLP__activation': 'logistic', 'MLP__alpha': 2.5500000000000003}",211,0.166666666667,0.166666666667,0.166666666667,0.0127127692186,0.0131967402357,2.26623325918e-17
0.327059348424,0.0473630428314,0.19625991833,logistic,2.5500000000000003,64,"{'MLP__hidden_layer_sizes': 64, 'MLP__activation': 'logistic', 'MLP__alpha': 2.5500000000000003}",208,0.207727022997,0.205690595989,0.175231456785,0.136969598745,0.00215637800404,0.0148478830683
0.713043689728,0.0236969788869,0.203948338439,logistic,2.5500000000000003,128,"{'MLP__hidden_layer_sizes': 128, 'MLP__activation': 'logistic', 'MLP__alpha': 2.5500000000000003}",182,0.188293697512,0.210361892613,0.2132899463,0.112498250273,0.000467584538748,0.0111669406464
0.315631310145,0.0108700593313,0.166666666667,logistic,2.5500000000000003,"(32, 64, 32)","{'MLP__hidden_layer_sizes': (32, 64, 32), 'MLP__activation': 'logistic', 'MLP__alpha': 2.5500000000000003}",211,0.166666666667,0.166666666667,0.166666666667,0.0150006977586,0.00128033858672,2.26623325918e-17
0.502858718236,0.0209839344025,0.166666666667,logistic,2.5500000000000003,"(64, 128, 64)","{'MLP__hidden_layer_sizes': (64, 128, 64), 'MLP__activation': 'logistic', 'MLP__alpha': 2.5500000000000003}",271,0.166666666667,0.166666666667,0.166666666667,0.13712081457,0.0123367112501,3.5889886836e-17
0.0812257130941,0.00176668167114,0.166666666667,logistic,2.6500000000000004,32,"{'MLP__hidden_layer_sizes': 32, 'MLP__activation': 'logistic', 'MLP__alpha': 2.6500000000000004}",211,0.166666666667,0.166666666667,0.166666666667,0.0237114354685,4.03657980701e-05,2.26623325918e-17
0.277061065038,0.0875202814738,0.196979365532,logistic,2.6500000000000004,64,"{'MLP__hidden_layer_sizes': 64, 'MLP__activation': 'logistic', 'MLP__alpha': 2.6500000000000004}",197,0.208802291814,0.206769344641,0.175231456785,0.131333401024,0.0421026769208,0.015354227493
0.520207007726,0.0184983412425,0.203745580937,logistic,2.6500000000000004,128,"{'MLP__hidden_layer_sizes': 128, 'MLP__activation': 'logistic', 'MLP__alpha': 2.6500000000000004}",183,0.188293697512,0.209753620107,0.2132899463,0.250736632533,0.0091730821635,0.0110535963452
0.419155597687,0.0188477039337,0.166666666667,logistic,2.6500000000000004,"(32, 64, 32)","{'MLP__hidden_layer_sizes': (32, 64, 32), 'MLP__activation': 'logistic', 'MLP__alpha': 2.6500000000000004}",211,0.166666666667,0.166666666667,0.166666666667,0.0513098194087,0.00570394471555,2.26623325918e-17
0.511615037918,0.0246533552806,0.166666666667,logistic,2.6500000000000004,"(64, 128, 64)","{'MLP__hidden_layer_sizes': (64, 128, 64), 'MLP__activation': 'logistic', 'MLP__alpha': 2.6500000000000004}",271,0.166666666667,0.166666666667,0.166666666667,0.0251639518871,0.0054698617943,3.5889886836e-17
0.100693702698,0.00209363301595,0.166666666667,logistic,2.7500000000000004,32,"{'MLP__hidden_layer_sizes': 32, 'MLP__activation': 'logistic', 'MLP__alpha': 2.7500000000000004}",211,0.166666666667,0.166666666667,0.166666666667,0.0284551507561,0.000425571145681,2.26623325918e-17
0.255088329315,0.0661412874858,0.196278505764,logistic,2.7500000000000004,64,"{'MLP__hidden_layer_sizes': 64, 'MLP__activation': 'logistic', 'MLP__alpha': 2.7500000000000004}",207,0.208802291814,0.204129560075,0.175770831111,0.145362077124,0.00867010738991,0.0145829633056
0.793848276138,0.0205460389455,0.202728607576,logistic,2.7500000000000004,128,"{'MLP__hidden_layer_sizes': 128, 'MLP__activation': 'logistic', 'MLP__alpha': 2.7500000000000004}",184,0.185860607488,0.209753620107,0.212679445689,0.0834528524056,0.0155974740465,0.0120228314325
0.355441888173,0.0156319936117,0.166666666667,logistic,2.7500000000000004,"(32, 64, 32)","{'MLP__hidden_layer_sizes': (32, 64, 32), 'MLP__activation': 'logistic', 'MLP__alpha': 2.7500000000000004}",211,0.166666666667,0.166666666667,0.166666666667,0.0136366341894,0.00542064115011,2.26623325918e-17
0.601246277491,0.0192569891612,0.166666666667,logistic,2.7500000000000004,"(64, 128, 64)","{'MLP__hidden_layer_sizes': (64, 128, 64), 'MLP__activation': 'logistic', 'MLP__alpha': 2.7500000000000004}",271,0.166666666667,0.166666666667,0.166666666667,0.0586480583894,0.00538263476125,3.5889886836e-17
0.101836919785,0.0116871198018,0.166666666667,logistic,2.8500000000000005,32,"{'MLP__hidden_layer_sizes': 32, 'MLP__activation': 'logistic', 'MLP__alpha': 2.8500000000000005}",211,0.166666666667,0.166666666667,0.166666666667,0.0104296278253,0.0106361961508,2.26623325918e-17
0.490459362666,0.0680437088013,0.193454119973,logistic,2.8500000000000005,64,"{'MLP__hidden_layer_sizes': 64, 'MLP__activation': 'logistic', 'MLP__alpha': 2.8500000000000005}",210,0.208802291814,0.167550531894,0.203990184573,0.250313711609,0.0494854186462,0.0184216522408
0.501667658488,0.0206073125203,0.202322277193,logistic,2.8500000000000005,128,"{'MLP__hidden_layer_sizes': 128, 'MLP__activation': 'logistic', 'MLP__alpha': 2.8500000000000005}",186,0.185252334982,0.209145347601,0.212679445689,0.177270995167,0.00721952094535,0.0121921908462
0.245797952016,0.0113586584727,0.166666666667,logistic,2.8500000000000005,"(32, 64, 32)","{'MLP__hidden_layer_sizes': (32, 64, 32), 'MLP__activation': 'logistic', 'MLP__alpha': 2.8500000000000005}",211,0.166666666667,0.166666666667,0.166666666667,0.0869479872475,0.00264199627621,2.26623325918e-17
0.473773002625,0.018252770106,0.166666666667,logistic,2.8500000000000005,"(64, 128, 64)","{'MLP__hidden_layer_sizes': (64, 128, 64), 'MLP__activation': 'logistic', 'MLP__alpha': 2.8500000000000005}",271,0.166666666667,0.166666666667,0.166666666667,0.0826724275354,0.00895096856241,3.5889886836e-17
0.125119924545,0.00747235616048,0.166666666667,logistic,2.9500000000000002,32,"{'MLP__hidden_layer_sizes': 32, 'MLP__activation': 'logistic', 'MLP__alpha': 2.9500000000000002}",211,0.166666666667,0.166666666667,0.166666666667,0.0510413548233,0.00803538588963,2.26623325918e-17
0.378335634867,0.0599306424459,0.193634052132,logistic,2.9500000000000002,64,"{'MLP__hidden_layer_sizes': 64, 'MLP__activation': 'logistic', 'MLP__alpha': 2.9500000000000002}",209,0.209339926222,0.167550531894,0.203990184573,0.175004496906,0.0234053022357,0.0185726921262
0.499558448792,0.016259988149,0.202478595934,logistic,2.9500000000000002,128,"{'MLP__hidden_layer_sizes': 128, 'MLP__activation': 'logistic', 'MLP__alpha': 2.9500000000000002}",185,0.18578996939,0.209145347601,0.212608319404,0.270737803794,0.00937469997613,0.011920213921
0.257268667221,0.01327196757,0.166666666667,logistic,2.9500000000000002,"(32, 64, 32)","{'MLP__hidden_layer_sizes': (32, 64, 32), 'MLP__activation': 'logistic', 'MLP__alpha': 2.9500000000000002}",211,0.166666666667,0.166666666667,0.166666666667,0.124473883938,0.00652941375955,2.26623325918e-17
0.609402020772,0.0212480227153,0.166666666667,logistic,2.9500000000000002,"(64, 128, 64)","{'MLP__hidden_layer_sizes': (64, 128, 64), 'MLP__activation': 'logistic', 'MLP__alpha': 2.9500000000000002}",271,0.166666666667,0.166666666667,0.166666666667,0.0638817794696,0.00717603391141,3.5889886836e-17
0.334508419037,0.00282224019368,0.225234480264,relu,0.050000000000000003,32,"{'MLP__hidden_layer_sizes': 32, 'MLP__activation': 'relu', 'MLP__alpha': 0.050000000000000003}",100,0.220281835772,0.228290157711,0.227159103884,0.155751939229,0.00138257590737,0.00354277541341
0.341781934102,0.0690024693807,0.236022167966,relu,0.050000000000000003,64,"{'MLP__hidden_layer_sizes': 64, 'MLP__activation': 'relu', 'MLP__alpha': 0.050000000000000003}",37,0.231974147139,0.22296709286,0.253210665449,0.106351819683,0.0427844460544,0.0126641710785
0.759429375331,0.0174570878347,0.233596093528,relu,0.050000000000000003,128,"{'MLP__hidden_layer_sizes': 128, 'MLP__activation': 'relu', 'MLP__alpha': 0.050000000000000003}",43,0.236651276434,0.248391925031,0.215660666478,0.286350952741,0.00191244280876,0.013523735125
0.996790568034,0.00950304667155,0.230345688021,relu,0.050000000000000003,"(32, 64, 32)","{'MLP__hidden_layer_sizes': (32, 64, 32), 'MLP__activation': 'relu', 'MLP__alpha': 0.050000000000000003}",76,0.242428585566,0.226436890807,0.222089796311,0.12493411216,0.00374299150352,0.00875114988164
1.13448230426,0.0107204119364,0.241731051596,relu,0.050000000000000003,"(64, 128, 64)","{'MLP__hidden_layer_sizes': (64, 128, 64), 'MLP__activation': 'relu', 'MLP__alpha': 0.050000000000000003}",23,0.209155482301,0.252315372562,0.263942623549,0.242643702736,0.00091240657146,0.0235855388411
0.236863295237,0.0100297133128,0.225234480264,relu,0.15000000000000002,32,"{'MLP__hidden_layer_sizes': 32, 'MLP__activation': 'relu', 'MLP__alpha': 0.15000000000000002}",100,0.220281835772,0.228290157711,0.227159103884,0.060592898853,0.0124396603559,0.00354277541341
0.248978932699,0.04181377093,0.233901620887,relu,0.15000000000000002,64,"{'MLP__hidden_layer_sizes': 64, 'MLP__activation': 'relu', 'MLP__alpha': 0.15000000000000002}",42,0.231974147139,0.22296709286,0.246823337907,0.143346459529,0.0290646955426,0.00982502425852
0.589085976283,0.0148007074992,0.221577470428,relu,0.15000000000000002,128,"{'MLP__hidden_layer_sizes': 128, 'MLP__activation': 'relu', 'MLP__alpha': 0.15000000000000002}",117,0.200739823166,0.248391925031,0.215660666478,0.301924427586,0.00337619122273,0.0199151236153
1.07642841339,0.00748825073242,0.236756742557,relu,0.15000000000000002,"(32, 64, 32)","{'MLP__hidden_layer_sizes': (32, 64, 32), 'MLP__activation': 'relu', 'MLP__alpha': 0.15000000000000002}",33,0.262092935167,0.225997465916,0.222018670026,0.300934552668,0.0042384450932,0.0180425739877
1.09717027346,0.012158314387,0.254825935175,relu,0.15000000000000002,"(64, 128, 64)","{'MLP__hidden_layer_sizes': (64, 128, 64), 'MLP__activation': 'relu', 'MLP__alpha': 0.15000000000000002}",1,0.208476571698,0.258202392556,0.298159496465,0.348220923187,0.00183484102105,0.0366903673006
0.406312306722,0.00927734375,0.224827334503,relu,0.25000000000000006,32,"{'MLP__hidden_layer_sizes': 32, 'MLP__activation': 'relu', 'MLP__alpha': 0.25000000000000006}",104,0.219065290759,0.228290157711,0.227159103884,0.10706590814,0.0113155858882,0.00411262659747
0.277372678121,0.069056669871,0.234791566153,relu,0.25000000000000006,64,"{'MLP__hidden_layer_sizes': 64, 'MLP__activation': 'relu', 'MLP__alpha': 0.25000000000000006}",41,0.23143651273,0.223575365366,0.249435201147,0.148991417909,0.040444004643,0.0108116991113
0.540946642558,0.0147540569305,0.221577470428,relu,0.25000000000000006,128,"{'MLP__hidden_layer_sizes': 128, 'MLP__activation': 'relu', 'MLP__alpha': 0.25000000000000006}",117,0.200739823166,0.248391925031,0.215660666478,0.380360774346,0.00630375231619,0.0199151236153
1.05496668816,0.00794140497843,0.235969580173,relu,0.25000000000000006,"(32, 64, 32)","{'MLP__hidden_layer_sizes': (32, 64, 32), 'MLP__activation': 'relu', 'MLP__alpha': 0.25000000000000006}",38,0.262327201127,0.224008816228,0.221408169415,0.315673232568,0.00250737392014,0.0187239583632
1.30086898804,0.0153992970785,0.249465219201,relu,0.25000000000000006,"(64, 128, 64)","{'MLP__hidden_layer_sizes': (64, 128, 64), 'MLP__activation': 'relu', 'MLP__alpha': 0.25000000000000006}",10,0.209551840515,0.257223593339,0.281911213184,0.560131710654,0.00121743348782,0.030045441268
0.485166311264,0.00530203183492,0.224827334503,relu,0.35000000000000003,32,"{'MLP__hidden_layer_sizes': 32, 'MLP__activation': 'relu', 'MLP__alpha': 0.35000000000000003}",104,0.219065290759,0.228290157711,0.227159103884,0.0943913811868,0.00547211517496,0.00411262659747
0.366707324982,0.0286599000295,0.23285788075,relu,0.35000000000000003,64,"{'MLP__hidden_layer_sizes': 64, 'MLP__activation': 'relu', 'MLP__alpha': 0.35000000000000003}",48,0.225658691728,0.223575365366,0.249435201147,0.0192048672007,0.0207858929915,0.0117175689553
0.595853726069,0.0145789782206,0.221756538848,relu,0.35000000000000003,128,"{'MLP__hidden_layer_sizes': 128, 'MLP__activation': 'relu', 'MLP__alpha': 0.35000000000000003}",116,0.200739823166,0.248391925031,0.216200040804,0.263238096739,0.00121504966981,0.0198634750875
0.888847033183,0.00598526000977,0.239077792295,relu,0.35000000000000003,"(32, 64, 32)","{'MLP__hidden_layer_sizes': (32, 64, 32), 'MLP__activation': 'relu', 'MLP__alpha': 0.35000000000000003}",27,0.261486198271,0.234248677754,0.221337043131,0.234572010302,0.00156364810702,0.0167426084768
1.04290437698,0.012039343516,0.25216947704,relu,0.35000000000000003,"(64, 128, 64)","{'MLP__hidden_layer_sizes': (64, 128, 64), 'MLP__activation': 'relu', 'MLP__alpha': 0.35000000000000003}",3,0.210018836826,0.26560339229,0.281172342107,0.407508276156,0.00125730046669,0.0305618217019
0.289702733358,0.00766539573669,0.224827410167,relu,0.45000000000000007,32,"{'MLP__hidden_layer_sizes': 32, 'MLP__activation': 'relu', 'MLP__alpha': 0.45000000000000007}",103,0.219065290759,0.228898430217,0.226548603273,0.012485036195,0.00742556357794,0.00419759203394
0.338534593582,0.0486570994059,0.232218838169,relu,0.45000000000000007,64,"{'MLP__hidden_layer_sizes': 64, 'MLP__activation': 'relu', 'MLP__alpha': 0.45000000000000007}",61,0.22687523674,0.223575365366,0.246283963581,0.0040021466554,0.040937456761,0.010006843091
0.559252341588,0.0195600986481,0.22198226241,relu,0.45000000000000007,128,"{'MLP__hidden_layer_sizes': 128, 'MLP__activation': 'relu', 'MLP__alpha': 0.45000000000000007}",114,0.200739823166,0.249069095717,0.216200040804,0.203274116081,0.0023790750802,0.0201664080416
1.00821661949,0.00825397173564,0.235102361685,relu,0.45000000000000007,"(32, 64, 32)","{'MLP__hidden_layer_sizes': (32, 64, 32), 'MLP__activation': 'relu', 'MLP__alpha': 0.45000000000000007}",40,0.259311773357,0.225113600689,0.22072654252,0.302066482766,0.00428574321588,0.0172632654318
1.14714256922,0.0142974058787,0.249885781278,relu,0.45000000000000007,"(64, 128, 64)","{'MLP__hidden_layer_sizes': (64, 128, 64), 'MLP__activation': 'relu', 'MLP__alpha': 0.45000000000000007}",7,0.211561101954,0.258207408001,0.280164719741,0.524078282287,0.00443105346036,0.0286185507271
0.275952657064,0.00123127301534,0.224138419261,relu,0.55000000000000016,32,"{'MLP__hidden_layer_sizes': 32, 'MLP__activation': 'relu', 'MLP__alpha': 0.55000000000000016}",109,0.218527656351,0.228290157711,0.225625989295,0.0187642303091,2.4759080372e-05,0.00412505176161
0.337821324666,0.0523073673248,0.232218838169,relu,0.55000000000000016,64,"{'MLP__hidden_layer_sizes': 64, 'MLP__activation': 'relu', 'MLP__alpha': 0.55000000000000016}",61,0.22687523674,0.223575365366,0.246283963581,0.106642043641,0.0199069647354,0.010006843091
0.369647661845,0.0123437245687,0.22198226241,relu,0.55000000000000016,128,"{'MLP__hidden_layer_sizes': 128, 'MLP__activation': 'relu', 'MLP__alpha': 0.55000000000000016}",114,0.200739823166,0.249069095717,0.216200040804,0.241271978891,0.00282807859668,0.0201664080416
1.12003262838,0.00619769096375,0.240301446973,relu,0.55000000000000016,"(32, 64, 32)","{'MLP__hidden_layer_sizes': (32, 64, 32), 'MLP__activation': 'relu', 'MLP__alpha': 0.55000000000000016}",25,0.261720464232,0.237147228479,0.221876417456,0.367588208679,0.000961953544598,0.0164183315865
1.29457163811,0.0149546464284,0.249344490223,relu,0.55000000000000016,"(64, 128, 64)","{'MLP__hidden_layer_sizes': (64, 128, 64), 'MLP__activation': 'relu', 'MLP__alpha': 0.55000000000000016}",11,0.210344556942,0.259587785183,0.278374708242,0.445359539855,0.000525397028939,0.028701921872
0.254191398621,0.00463938713074,0.225719796527,relu,0.65000000000000013,32,"{'MLP__hidden_layer_sizes': 32, 'MLP__activation': 'relu', 'MLP__alpha': 0.65000000000000013}",97,0.223252560204,0.228898430217,0.225015488684,0.107876173041,0.00472687900881,0.00236004953934
0.20982837677,0.091463247935,0.233421345253,relu,0.65000000000000013,64,"{'MLP__hidden_layer_sizes': 64, 'MLP__activation': 'relu', 'MLP__alpha': 0.65000000000000013}",45,0.227412871149,0.223575365366,0.249364074862,0.146989775423,0.0210949268496,0.0113481093264
0.569765965144,0.0143303076426,0.220992297396,relu,0.65000000000000013,128,"{'MLP__hidden_layer_sizes': 128, 'MLP__activation': 'relu', 'MLP__alpha': 0.65000000000000013}",120,0.20013155066,0.246709919318,0.216200040804,0.288551684536,0.00417776307606,0.0193320995234
1.22655407588,0.00590062141418,0.243912929072,relu,0.65000000000000013,"(32, 64, 32)","{'MLP__hidden_layer_sizes': (32, 64, 32), 'MLP__activation': 'relu', 'MLP__alpha': 0.65000000000000013}",22,0.26179110233,0.237147228479,0.232683401309,0.522032217549,0.000516562376145,0.012809948415
1.23082367579,0.00832271575928,0.252254342489,relu,0.65000000000000013,"(64, 128, 64)","{'MLP__hidden_layer_sizes': (64, 128, 64), 'MLP__activation': 'relu', 'MLP__alpha': 0.65000000000000013}",2,0.209665646339,0.267385347437,0.279994858942,0.578009199905,0.00449101155201,0.0306402787399
0.309156338374,0.00121760368347,0.225719796527,relu,0.75000000000000022,32,"{'MLP__hidden_layer_sizes': 32, 'MLP__activation': 'relu', 'MLP__alpha': 0.75000000000000022}",97,0.223252560204,0.228898430217,0.225015488684,0.011780086628,2.49994888461e-05,0.00236004953934
0.389859755834,0.0256686210632,0.232397906589,relu,0.75000000000000022,64,"{'MLP__hidden_layer_sizes': 64, 'MLP__activation': 'relu', 'MLP__alpha': 0.75000000000000022}",55,0.22687523674,0.223575365366,0.246823337907,0.0493883641669,0.0134946856763,0.0102585899434
0.528047720591,0.0184475580851,0.220509205609,relu,0.75000000000000022,128,"{'MLP__hidden_layer_sizes': 128, 'MLP__activation': 'relu', 'MLP__alpha': 0.75000000000000022}",124,0.20013155066,0.245260643956,0.216200040804,0.28715414867,0.00896414940521,0.0186908770112
1.04981597265,0.00646408398946,0.244151033063,relu,0.75000000000000022,"(32, 64, 32)","{'MLP__hidden_layer_sizes': (32, 64, 32), 'MLP__activation': 'relu', 'MLP__alpha': 0.75000000000000022}",21,0.263404005555,0.237147228479,0.231774669434,0.339480870845,0.00169694719523,0.0138296695592
1.17409531275,0.0121610164642,0.244217768962,relu,0.75000000000000022,"(64, 128, 64)","{'MLP__hidden_layer_sizes': (64, 128, 64), 'MLP__activation': 'relu', 'MLP__alpha': 0.75000000000000022}",20,0.208916097638,0.26333914988,0.260605927315,0.418892744145,0.000311226819425,0.0250621790344
0.333902915319,0.00126314163208,0.225897973904,relu,0.8500000000000002,32,"{'MLP__hidden_layer_sizes': 32, 'MLP__activation': 'relu', 'MLP__alpha': 0.8500000000000002}",96,0.222644287698,0.228898430217,0.226165363621,0.0830322937695,1.7049845866e-05,0.0025627455785
0.22337269783,0.0691949526469,0.232397906589,relu,0.8500000000000002,64,"{'MLP__hidden_layer_sizes': 64, 'MLP__activation': 'relu', 'MLP__alpha': 0.8500000000000002}",55,0.22687523674,0.223575365366,0.246823337907,0.113107864175,0.0187669335971,0.0102585899434
0.738612651825,0.0149370034536,0.232791931252,relu,0.8500000000000002,128,"{'MLP__hidden_layer_sizes': 128, 'MLP__activation': 'relu', 'MLP__alpha': 0.8500000000000002}",49,0.237747361309,0.245260643956,0.215277426826,0.161812398991,0.0025826358104,0.012723313116
0.841317256292,0.00769464174906,0.226621141366,relu,0.8500000000000002,"(32, 64, 32)","{'MLP__hidden_layer_sizes': (32, 64, 32), 'MLP__activation': 'relu', 'MLP__alpha': 0.8500000000000002}",94,0.212475472883,0.236538955973,0.230923181741,0.0820500500174,0.0036954898236,0.0102907855074
1.17171661059,0.0107533931732,0.248866023401,relu,0.8500000000000002,"(64, 128, 64)","{'MLP__hidden_layer_sizes': (64, 128, 64), 'MLP__activation': 'relu', 'MLP__alpha': 0.8500000000000002}",12,0.206412369516,0.264249050917,0.276217366917,0.665659747272,0.0051160046293,0.0305029273645
0.265943606695,0.00125932693481,0.226077765346,relu,0.95000000000000018,32,"{'MLP__hidden_layer_sizes': 32, 'MLP__activation': 'relu', 'MLP__alpha': 0.95000000000000018}",95,0.222644287698,0.229437804543,0.226165363621,0.0732323886487,6.69496464488e-05,0.00277690971388
0.239488045375,0.0930252869924,0.232577698031,relu,0.95000000000000018,64,"{'MLP__hidden_layer_sizes': 64, 'MLP__activation': 'relu', 'MLP__alpha': 0.95000000000000018}",52,0.22687523674,0.224114739692,0.246823337907,0.0639155616478,0.039236655716,0.0101059825221
0.830603679021,0.015088558197,0.232971863411,relu,0.95000000000000018,128,"{'MLP__hidden_layer_sizes': 128, 'MLP__activation': 'relu', 'MLP__alpha': 0.95000000000000018}",46,0.238284995717,0.245260643956,0.215277426826,0.236451476681,0.00775642167893,0.0127957157378
0.961735328039,0.010295232137,0.225518432809,relu,0.95000000000000018,"(32, 64, 32)","{'MLP__hidden_layer_sizes': (32, 64, 32), 'MLP__activation': 'relu', 'MLP__alpha': 0.95000000000000018}",99,0.210862569657,0.235529105501,0.230241554846,0.0633321810451,0.00666041510723,0.0106158662454
1.05861171087,0.0190169811249,0.247568051942,relu,0.95000000000000018,"(64, 128, 64)","{'MLP__hidden_layer_sizes': (64, 128, 64), 'MLP__activation': 'relu', 'MLP__alpha': 0.95000000000000018}",15,0.204587551997,0.265396697749,0.272995003067,0.479671330478,0.00510095549101,0.0306406198734
0.275847673416,0.00128388404846,0.22895019603,relu,1.0500000000000003,32,"{'MLP__hidden_layer_sizes': 32, 'MLP__activation': 'relu', 'MLP__alpha': 1.0500000000000003}",83,0.223719556516,0.232479167073,0.230679854977,0.0564236600502,2.1498253207e-05,0.00378166367891
0.300405661265,0.0606509844462,0.232756766451,relu,1.0500000000000003,64,"{'MLP__hidden_layer_sizes': 64, 'MLP__activation': 'relu', 'MLP__alpha': 1.0500000000000003}",50,0.22687523674,0.224114739692,0.247362712232,0.0663088265695,0.0107535636991,0.0103584405485
0.674805323283,0.0170557498932,0.232971863411,relu,1.0500000000000003,128,"{'MLP__hidden_layer_sizes': 128, 'MLP__activation': 'relu', 'MLP__alpha': 1.0500000000000003}",46,0.238284995717,0.245260643956,0.215277426826,0.170274874474,0.00229858240511,0.0127957157378
0.791956265767,0.0059506893158,0.225160350576,relu,1.0500000000000003,"(32, 64, 32)","{'MLP__hidden_layer_sizes': (32, 64, 32), 'MLP__activation': 'relu', 'MLP__alpha': 1.0500000000000003}",102,0.211003845852,0.235529105501,0.229020553625,0.0204929156409,0.000614202755728,0.0103853241449
1.19368290901,0.0131950378418,0.25084608126,relu,1.0500000000000003,"(64, 128, 64)","{'MLP__hidden_layer_sizes': (64, 128, 64), 'MLP__activation': 'relu', 'MLP__alpha': 1.0500000000000003}",5,0.212883604113,0.263847472952,0.276061232244,0.514873150739,0.00375052418411,0.0273814313748
0.322190682093,0.0043953259786,0.22895019603,relu,1.1500000000000004,32,"{'MLP__hidden_layer_sizes': 32, 'MLP__activation': 'relu', 'MLP__alpha': 1.1500000000000004}",83,0.223719556516,0.232479167073,0.230679854977,0.0458796292588,0.00449773694176,0.00378166367891
0.258409659068,0.0436813831329,0.231282853213,relu,1.1500000000000004,64,"{'MLP__hidden_layer_sizes': 64, 'MLP__activation': 'relu', 'MLP__alpha': 1.1500000000000004}",66,0.22687523674,0.219692999979,0.247362712232,0.137776840648,0.0256347284438,0.0117097107709
0.657135089238,0.0144706567128,0.232284071394,relu,1.1500000000000004,128,"{'MLP__hidden_layer_sizes': 128, 'MLP__activation': 'relu', 'MLP__alpha': 1.1500000000000004}",58,0.236835720355,0.24465237145,0.215277426826,0.24318309939,0.00754470330894,0.0124075047358
0.973363637924,0.00642935434977,0.236500898112,relu,1.1500000000000004,"(32, 64, 32)","{'MLP__hidden_layer_sizes': (32, 64, 32), 'MLP__activation': 'relu', 'MLP__alpha': 1.1500000000000004}",35,0.247760226315,0.236068479827,0.22558481092,0.286638987241,0.000977428175162,0.00905816438442
1.13392035166,0.0142016410828,0.249569089046,relu,1.1500000000000004,"(64, 128, 64)","{'MLP__hidden_layer_sizes': (64, 128, 64), 'MLP__activation': 'relu', 'MLP__alpha': 1.1500000000000004}",9,0.212812966015,0.264455745458,0.271675267332,0.389933171918,0.00213907619409,0.0262346847426
0.319593032201,0.00260599454244,0.22895019603,relu,1.2500000000000002,32,"{'MLP__hidden_layer_sizes': 32, 'MLP__activation': 'relu', 'MLP__alpha': 1.2500000000000002}",83,0.223719556516,0.232479167073,0.230679854977,0.0451597315634,0.00193470280649,0.00378166367891
0.292438904444,0.0744667847951,0.232225556785,relu,1.2500000000000002,64,"{'MLP__hidden_layer_sizes': 64, 'MLP__activation': 'relu', 'MLP__alpha': 1.2500000000000002}",60,0.226266964234,0.222665464329,0.247830960273,0.127204330407,0.0241418855018,0.0110994332315
0.655179023743,0.0142149925232,0.232261105334,relu,1.2500000000000002,128,"{'MLP__hidden_layer_sizes': 128, 'MLP__activation': 'relu', 'MLP__alpha': 1.2500000000000002}",59,0.236835720355,0.244583473269,0.215277426826,0.201542373573,0.00171639027068,0.0123846326713
0.895752032598,0.00537665685018,0.237318231797,relu,1.2500000000000002,"(32, 64, 32)","{'MLP__hidden_layer_sizes': (32, 64, 32), 'MLP__activation': 'relu', 'MLP__alpha': 1.2500000000000002}",32,0.246848585361,0.237216126659,0.227813434507,0.145092422913,0.000972755931787,0.0077713403464
1.23952436447,0.00756430625916,0.251663242922,relu,1.2500000000000002,"(64, 128, 64)","{'MLP__hidden_layer_sizes': (64, 128, 64), 'MLP__activation': 'relu', 'MLP__alpha': 1.2500000000000002}",4,0.213888234832,0.265132916144,0.276219238662,0.392102670103,0.00171279556546,0.0271704112889
0.322421550751,0.00502339998881,0.22895019603,relu,1.3500000000000003,32,"{'MLP__hidden_layer_sizes': 32, 'MLP__activation': 'relu', 'MLP__alpha': 1.3500000000000003}",83,0.223719556516,0.232479167073,0.230679854977,0.0340596304744,0.00530517492003,0.00378166367891
0.247833331426,0.0811706384023,0.232429129665,relu,1.3500000000000003,64,"{'MLP__hidden_layer_sizes': 64, 'MLP__activation': 'relu', 'MLP__alpha': 1.3500000000000003}",54,0.22687523674,0.222665464329,0.247830960273,0.074413189249,0.0116661746087,0.0109933520015
0.499119997025,0.0184047222137,0.219199128696,relu,1.3500000000000003,128,"{'MLP__hidden_layer_sizes': 128, 'MLP__activation': 'relu', 'MLP__alpha': 1.3500000000000003}",135,0.236835720355,0.205397543356,0.215277426826,0.136420368903,0.00330834521228,0.0131415611543
0.944181760152,0.00690722465515,0.236661015498,relu,1.3500000000000003,"(32, 64, 32)","{'MLP__hidden_layer_sizes': (32, 64, 32), 'MLP__activation': 'relu', 'MLP__alpha': 1.3500000000000003}",34,0.245399309999,0.235766851297,0.228749930589,0.126631048634,0.000492121359443,0.00682636971182
1.24577236176,0.0144739151001,0.248697247415,relu,1.3500000000000003,"(64, 128, 64)","{'MLP__hidden_layer_sizes': (64, 128, 64), 'MLP__activation': 'relu', 'MLP__alpha': 1.3500000000000003}",13,0.21643513068,0.26269982612,0.267160775975,0.319996647877,0.00100994157011,0.0229538163479
0.24947532018,0.00125368436178,0.229331946288,relu,1.4500000000000004,32,"{'MLP__hidden_layer_sizes': 32, 'MLP__activation': 'relu', 'MLP__alpha': 1.4500000000000004}",80,0.223719556516,0.232479167073,0.231829729914,0.0688231253088,3.56174979244e-05,0.00398933672103
0.190171082815,0.0725173155467,0.232632675242,relu,1.4500000000000004,64,"{'MLP__hidden_layer_sizes': 64, 'MLP__activation': 'relu', 'MLP__alpha': 1.4500000000000004}",51,0.227412871149,0.222665464329,0.247902086558,0.127359788027,0.0330450725536,0.010937984573
0.454399029414,0.0180796782176,0.219582633736,relu,1.4500000000000004,128,"{'MLP__hidden_layer_sizes': 128, 'MLP__activation': 'relu', 'MLP__alpha': 1.4500000000000004}",131,0.23798162727,0.205397543356,0.215277426826,0.161963297733,0.00426056545728,0.0136572492877
0.946746031443,0.00563621520996,0.228594089178,relu,1.4500000000000004,"(32, 64, 32)","{'MLP__hidden_layer_sizes': (32, 64, 32), 'MLP__activation': 'relu', 'MLP__alpha': 1.4500000000000004}",87,0.250663895742,0.208486150353,0.226535189105,0.346118611234,0.00158775225831,0.0172972670289
1.21325508753,0.0111402670542,0.250289080025,relu,1.4500000000000004,"(64, 128, 64)","{'MLP__hidden_layer_sizes': (64, 128, 64), 'MLP__activation': 'relu', 'MLP__alpha': 1.4500000000000004}",6,0.215077309473,0.259153375737,0.276885111709,0.374175470775,0.00238747892507,0.025999582856
0.396914243698,0.00938741366069,0.229331946288,relu,1.5500000000000003,32,"{'MLP__hidden_layer_sizes': 32, 'MLP__activation': 'relu', 'MLP__alpha': 1.5500000000000003}",80,0.223719556516,0.232479167073,0.231829729914,0.039443439614,0.0114845682899,0.00398933672103
0.406582752864,0.0106886227926,0.232529055836,relu,1.5500000000000003,64,"{'MLP__hidden_layer_sizes': 64, 'MLP__activation': 'relu', 'MLP__alpha': 1.5500000000000003}",53,0.227412871149,0.222665464329,0.24758997319,0.0383066014624,0.0062280964971,0.0107933635099
0.452165683111,0.0231067339579,0.21909759922,relu,1.5500000000000003,128,"{'MLP__hidden_layer_sizes': 128, 'MLP__activation': 'relu', 'MLP__alpha': 1.5500000000000003}",138,0.236532351907,0.205397543356,0.215277426826,0.161124329283,0.00650642311709,0.0130053779014
1.02846535047,0.00563565889994,0.230839734015,relu,1.5500000000000003,"(32, 64, 32)","{'MLP__hidden_layer_sizes': (32, 64, 32), 'MLP__activation': 'relu', 'MLP__alpha': 1.5500000000000003}",70,0.258050013138,0.208486150353,0.22585356221,0.491151691607,0.00130945013247,0.0205574106501
1.00645232201,0.00709001223246,0.249748187003,relu,1.5500000000000003,"(64, 128, 64)","{'MLP__hidden_layer_sizes': (64, 128, 64), 'MLP__activation': 'relu', 'MLP__alpha': 1.5500000000000003}",8,0.215544305784,0.25850224086,0.275438877253,0.325272029819,0.00124395658226,0.0252230121557
0.314969301224,0.00123159090678,0.229229882957,relu,1.6500000000000004,32,"{'MLP__hidden_layer_sizes': 32, 'MLP__activation': 'relu', 'MLP__alpha': 1.6500000000000004}",82,0.223719556516,0.23338906811,0.230608728693,0.101431723138,3.36974296799e-05,0.00406932404588
0.411189715068,0.0228623549143,0.231662103041,relu,1.6500000000000004,64,"{'MLP__hidden_layer_sizes': 64, 'MLP__activation': 'relu', 'MLP__alpha': 1.6500000000000004}",63,0.22535532328,0.223204838655,0.246511224539,0.0858358081386,0.00925781369347,0.0105050851384
0.428581078847,0.0170969168345,0.21909759922,relu,1.6500000000000004,128,"{'MLP__hidden_layer_sizes': 128, 'MLP__activation': 'relu', 'MLP__alpha': 1.6500000000000004}",138,0.236532351907,0.205397543356,0.215277426826,0.0975250855737,0.00312517338474,0.0130053779014
1.02554861705,0.00887195269267,0.224317058691,relu,1.6500000000000004,"(32, 64, 32)","{'MLP__hidden_layer_sizes': (32, 64, 32), 'MLP__activation': 'relu', 'MLP__alpha': 1.6500000000000004}",107,0.242805663333,0.208084572388,0.221977179693,0.449051398887,0.00144406486819,0.0142846044723
0.971074024836,0.0112233956655,0.248353112444,relu,1.6500000000000004,"(64, 128, 64)","{'MLP__hidden_layer_sizes': (64, 128, 64), 'MLP__activation': 'relu', 'MLP__alpha': 1.6500000000000004}",14,0.215940663998,0.255064315809,0.274289002317,0.285552795052,0.00391387804061,0.0242885236212
0.265470345815,0.00557430585225,0.222183301977,relu,1.7500000000000004,32,"{'MLP__hidden_layer_sizes': 32, 'MLP__activation': 'relu', 'MLP__alpha': 1.7500000000000004}",112,0.224257190924,0.233087439579,0.209144500534,0.0527283122231,0.00608999567368,0.00987497145779
0.287755091985,0.0865329901377,0.231313138018,relu,1.7500000000000004,64,"{'MLP__hidden_layer_sizes': 64, 'MLP__activation': 'relu', 'MLP__alpha': 1.7500000000000004}",65,0.226501230195,0.219692999979,0.247830960273,0.0760905954568,0.0508211061925,0.0119724186622
0.594132343928,0.0170660018921,0.219277390662,relu,1.7500000000000004,128,"{'MLP__hidden_layer_sizes': 128, 'MLP__activation': 'relu', 'MLP__alpha': 1.7500000000000004}",134,0.236532351907,0.205936917682,0.215277426826,0.211822451102,0.00213247511762,0.0128171057063
0.828378677368,0.00697573026021,0.232374804202,relu,1.7500000000000004,"(32, 64, 32)","{'MLP__hidden_layer_sizes': (32, 64, 32), 'MLP__activation': 'relu', 'MLP__alpha': 1.7500000000000004}",57,0.242197390827,0.233476573078,0.221366679083,0.287907522015,0.00103746062104,0.00853964498076
1.45705922445,0.0156091054281,0.24729971371,relu,1.7500000000000004,"(64, 128, 64)","{'MLP__hidden_layer_sizes': (64, 128, 64), 'MLP__activation': 'relu', 'MLP__alpha': 1.7500000000000004}",17,0.215191115297,0.253351258843,0.273591621573,0.494949507535,0.00791342195433,0.024222673855
0.305243889491,0.008305311203,0.219766986604,relu,1.8500000000000003,32,"{'MLP__hidden_layer_sizes': 32, 'MLP__activation': 'relu', 'MLP__alpha': 1.8500000000000003}",129,0.22486546343,0.225227774816,0.209144500534,0.0548450282559,0.00533380746135,0.00749005230494
0.311547676722,0.0637330214183,0.230546306718,relu,1.8500000000000003,64,"{'MLP__hidden_layer_sizes': 64, 'MLP__activation': 'relu', 'MLP__alpha': 1.8500000000000003}",72,0.225660227339,0.219692999979,0.246368971969,0.12571038222,0.0112725201868,0.0114180264659
0.500639359156,0.0163405736287,0.218972288305,relu,1.8500000000000003,128,"{'MLP__hidden_layer_sizes': 128, 'MLP__activation': 'relu', 'MLP__alpha': 1.8500000000000003}",140,0.235620710954,0.205936917682,0.215277426826,0.211274430032,0.00311179436584,0.0124070220585
1.01206938426,0.00638500849406,0.228486195153,relu,1.8500000000000003,"(32, 64, 32)","{'MLP__hidden_layer_sizes': (32, 64, 32), 'MLP__activation': 'relu', 'MLP__alpha': 1.8500000000000003}",88,0.241659756418,0.232868300572,0.210806453525,0.189278421537,0.000921772444344,0.0129712467181
1.27960475286,0.0110929807027,0.246399941742,relu,1.8500000000000003,"(64, 128, 64)","{'MLP__hidden_layer_sizes': (64, 128, 64), 'MLP__activation': 'relu', 'MLP__alpha': 1.8500000000000003}",18,0.210933207754,0.256143064461,0.272370620352,0.476691738968,0.00520879381804,0.0260105105211
0.328005949656,0.00719372431437,0.219587195162,relu,1.9500000000000004,32,"{'MLP__hidden_layer_sizes': 32, 'MLP__activation': 'relu', 'MLP__alpha': 1.9500000000000004}",130,0.22486546343,0.224688400491,0.209144500534,0.0925292269515,0.00840278913538,0.00736219583292
0.437364260356,0.0482486883799,0.230851409074,relu,1.9500000000000004,64,"{'MLP__hidden_layer_sizes': 64, 'MLP__activation': 'relu', 'MLP__alpha': 1.9500000000000004}",68,0.226571868292,0.219692999979,0.246368971969,0.00951783708754,0.0430813375792,0.0112949048718
0.565578937531,0.0148977438609,0.219152079747,relu,1.9500000000000004,128,"{'MLP__hidden_layer_sizes': 128, 'MLP__activation': 'relu', 'MLP__alpha': 1.9500000000000004}",137,0.235620710954,0.206476292008,0.215277426826,0.0768538221011,0.000505663917354,0.0122193105421
1.03941027323,0.00651772816976,0.228465032235,relu,1.9500000000000004,"(32, 64, 32)","{'MLP__hidden_layer_sizes': (32, 64, 32), 'MLP__activation': 'relu', 'MLP__alpha': 1.9500000000000004}",89,0.242735025235,0.233407674898,0.209117204263,0.132111472355,0.000778897365602,0.0141623253708
1.32231092453,0.0137910842896,0.247394493195,relu,1.9500000000000004,"(64, 128, 64)","{'MLP__hidden_layer_sizes': (64, 128, 64), 'MLP__activation': 'relu', 'MLP__alpha': 1.9500000000000004}",16,0.212079114669,0.255233163424,0.275124736162,0.441143154099,0.003177594815,0.0263281229945
0.246732950211,0.00122205416361,0.218924311933,relu,2.0500000000000003,32,"{'MLP__hidden_layer_sizes': 32, 'MLP__activation': 'relu', 'MLP__alpha': 2.0500000000000003}",141,0.22486546343,0.222699750803,0.209144500534,0.022038983568,2.58625248922e-05,0.00695109695731
0.198216597239,0.0941876570384,0.230851409074,relu,2.0500000000000003,64,"{'MLP__hidden_layer_sizes': 64, 'MLP__activation': 'relu', 'MLP__alpha': 2.0500000000000003}",68,0.226571868292,0.219692999979,0.246368971969,0.079558128268,0.0504283339862,0.0112949048718
0.487669388453,0.0172773996989,0.219354761585,relu,2.0500000000000003,128,"{'MLP__hidden_layer_sizes': 128, 'MLP__activation': 'relu', 'MLP__alpha': 2.0500000000000003}",133,0.235620710954,0.206476292008,0.215887927436,0.0627830160422,0.00176484591678,0.0121582714245
1.02852662404,0.00487105051676,0.227738105553,relu,2.0500000000000003,"(32, 64, 32)","{'MLP__hidden_layer_sizes': (32, 64, 32), 'MLP__activation': 'relu', 'MLP__alpha': 2.0500000000000003}",92,0.243272659644,0.231153463379,0.208648956222,0.225440626559,0.00227180349144,0.0143397783505
1.2469180425,0.0112033685048,0.240909760106,relu,2.0500000000000003,"(64, 128, 64)","{'MLP__hidden_layer_sizes': (64, 128, 64), 'MLP__activation': 'relu', 'MLP__alpha': 2.0500000000000003}",24,0.210650655365,0.25577253775,0.256490429459,0.399142049376,0.00522629927771,0.0214629812501
0.393706321716,0.00562834739685,0.218744379773,relu,2.1500000000000004,32,"{'MLP__hidden_layer_sizes': 32, 'MLP__activation': 'relu', 'MLP__alpha': 2.1500000000000004}",142,0.224327829022,0.222699750803,0.209144500534,0.0566146236404,0.00619474931889,0.00680030165618
0.313838322957,0.0436993439992,0.230547170457,relu,2.1500000000000004,64,"{'MLP__hidden_layer_sizes': 64, 'MLP__activation': 'relu', 'MLP__alpha': 2.1500000000000004}",71,0.226197861747,0.219692999979,0.245829597644,0.168540759299,0.0156032933236,0.0110968304168
0.541325330734,0.036421696345,0.220858822389,relu,2.1500000000000004,128,"{'MLP__hidden_layer_sizes': 128, 'MLP__activation': 'relu', 'MLP__alpha': 2.1500000000000004}",121,0.235620710954,0.206476292008,0.22041832862,0.274890046164,0.0252434127857,0.0119141388804
0.936120986938,0.00780399640401,0.217415249169,relu,2.1500000000000004,"(32, 64, 32)","{'MLP__hidden_layer_sizes': (32, 64, 32), 'MLP__activation': 'relu', 'MLP__alpha': 2.1500000000000004}",150,0.214104073464,0.230545190873,0.20757020757,0.188258303327,0.000536458839334,0.00965985524863
1.20863199234,0.0147323608398,0.240095910974,relu,2.1500000000000004,"(64, 128, 64)","{'MLP__hidden_layer_sizes': (64, 128, 64), 'MLP__activation': 'relu', 'MLP__alpha': 2.1500000000000004}",26,0.209971744761,0.254931534894,0.255567815481,0.499226366873,0.00172606054356,0.0213668561667
0.269327322642,0.00984565416972,0.218744379773,relu,2.2500000000000004,32,"{'MLP__hidden_layer_sizes': 32, 'MLP__activation': 'relu', 'MLP__alpha': 2.2500000000000004}",142,0.224327829022,0.222699750803,0.209144500534,0.0951728221557,0.0121935381818,0.00680030165618
0.309083302816,0.10928440094,0.230367238298,relu,2.2500000000000004,64,"{'MLP__hidden_layer_sizes': 64, 'MLP__activation': 'relu', 'MLP__alpha': 2.2500000000000004}",74,0.225660227339,0.219692999979,0.245829597644,0.172414494201,0.034131030145,0.0111700120166
0.564433018366,0.0197830200195,0.221038613831,relu,2.2500000000000004,128,"{'MLP__hidden_layer_sizes': 128, 'MLP__activation': 'relu', 'MLP__alpha': 2.2500000000000004}",119,0.235620710954,0.207015666334,0.22041832862,0.148009937392,0.00167303928209,0.0116978478121
0.833236058553,0.00737762451172,0.22480005154,relu,2.2500000000000004,"(32, 64, 32)","{'MLP__hidden_layer_sizes': (32, 64, 32), 'MLP__activation': 'relu', 'MLP__alpha': 2.2500000000000004}",106,0.213566439055,0.230545190873,0.230356043207,0.157769603205,0.00497698061861,0.0079677069757
1.47783398628,0.0117429097493,0.245806735342,relu,2.2500000000000004,"(64, 128, 64)","{'MLP__hidden_layer_sizes': (64, 128, 64), 'MLP__activation': 'relu', 'MLP__alpha': 2.2500000000000004}",19,0.209971744761,0.254254364208,0.273449369004,0.572865467815,0.00174457967583,0.0265939558174
0.173853715261,0.00198237101237,0.218743488731,relu,2.3500000000000001,32,"{'MLP__hidden_layer_sizes': 32, 'MLP__activation': 'relu', 'MLP__alpha': 2.3500000000000001}",144,0.223719556516,0.222699750803,0.209755001145,0.114380697296,0.00100191542336,0.00635035014458
0.377994378408,0.0812915960948,0.230367238298,relu,2.3500000000000001,64,"{'MLP__hidden_layer_sizes': 64, 'MLP__activation': 'relu', 'MLP__alpha': 2.3500000000000001}",74,0.225660227339,0.219692999979,0.245829597644,0.0816123968863,0.0482432015884,0.0111700120166
0.577126979828,0.0240670045217,0.220858822389,relu,2.3500000000000001,128,"{'MLP__hidden_layer_sizes': 128, 'MLP__activation': 'relu', 'MLP__alpha': 2.3500000000000001}",121,0.235620710954,0.206476292008,0.22041832862,0.182064896872,0.00981842064487,0.0119141388804
0.802783330282,0.00468897819519,0.222598346353,relu,2.3500000000000001,"(32, 64, 32)","{'MLP__hidden_layer_sizes': (32, 64, 32), 'MLP__activation': 'relu', 'MLP__alpha': 2.3500000000000001}",110,0.209547916176,0.2291908495,0.229135041986,0.121269842638,0.00230311064819,0.00925592230439
1.12337096532,0.0104730129242,0.238687187655,relu,2.3500000000000001,"(64, 128, 64)","{'MLP__hidden_layer_sizes': (64, 128, 64), 'MLP__activation': 'relu', 'MLP__alpha': 2.3500000000000001}",28,0.211584647987,0.252805088845,0.251833685533,0.420964323991,0.0016266704148,0.0192263024136
0.251483678818,0.0104016462962,0.21853991585,relu,2.4500000000000002,32,"{'MLP__hidden_layer_sizes': 32, 'MLP__activation': 'relu', 'MLP__alpha': 2.4500000000000002}",145,0.22311128401,0.222699750803,0.209755001145,0.084199679439,0.0129033984698,0.00619542959931
0.215135653814,0.0502906640371,0.229333515141,relu,2.4500000000000002,64,"{'MLP__hidden_layer_sizes': 64, 'MLP__activation': 'relu', 'MLP__alpha': 2.4500000000000002}",79,0.223177315275,0.219084727473,0.245829597644,0.165849826259,0.0189236100956,0.0117489754461
0.569709062576,0.0173409779867,0.22085795865,relu,2.4500000000000002,128,"{'MLP__hidden_layer_sizes': 128, 'MLP__activation': 'relu', 'MLP__alpha': 2.4500000000000002}",123,0.235083076545,0.206476292008,0.220957702945,0.207927870309,0.00112364185434,0.0116905942164
1.05726679166,0.00822194417318,0.237740995444,relu,2.4500000000000002,"(32, 64, 32)","{'MLP__hidden_layer_sizes': (32, 64, 32), 'MLP__activation': 'relu', 'MLP__alpha': 2.4500000000000002}",29,0.255082359927,0.22982014237,0.228212428008,0.101813358661,0.0058134086964,0.0123166642227
0.839308659236,0.0104647477468,0.224199116654,relu,2.4500000000000002,"(64, 128, 64)","{'MLP__hidden_layer_sizes': (64, 128, 64), 'MLP__activation': 'relu', 'MLP__alpha': 2.4500000000000002}",108,0.212589278707,0.188796762179,0.271448006374,0.344527442911,0.000709299355539,0.0346993609552
0.253387928009,0.00124510129293,0.219180799726,relu,2.5500000000000003,32,"{'MLP__hidden_layer_sizes': 32, 'MLP__activation': 'relu', 'MLP__alpha': 2.5500000000000003}",136,0.223719556516,0.225227774816,0.208533999924,0.116434888097,3.46188009544e-05,0.00753099288434
0.251279910405,0.0645976861318,0.227226690771,relu,2.5500000000000003,64,"{'MLP__hidden_layer_sizes': 64, 'MLP__activation': 'relu', 'MLP__alpha': 2.5500000000000003}",93,0.223177315275,0.219084727473,0.239483604456,0.137383060531,0.0352859612463,0.00880118804322
0.594419956207,0.0255243778229,0.219556634698,relu,2.5500000000000003,128,"{'MLP__hidden_layer_sizes': 128, 'MLP__activation': 'relu', 'MLP__alpha': 2.5500000000000003}",132,0.198845903161,0.238955219435,0.220957702945,0.260193459909,0.0165706208108,0.0164207138094
1.0745212237,0.00784174601237,0.231535061669,relu,2.5500000000000003,"(32, 64, 32)","{'MLP__hidden_layer_sizes': (32, 64, 32), 'MLP__activation': 'relu', 'MLP__alpha': 2.5500000000000003}",64,0.235933293066,0.230428414876,0.228212428008,0.195863448692,0.00371527157651,0.00324768621666
0.788564602534,0.00923069318136,0.22232010059,relu,2.5500000000000003,"(64, 128, 64)","{'MLP__hidden_layer_sizes': (64, 128, 64), 'MLP__activation': 'relu', 'MLP__alpha': 2.5500000000000003}",111,0.213126913115,0.188188489673,0.265856950067,0.417608836742,0.0020005248239,0.032340151573
0.279716014862,0.00124867757161,0.218338125055,relu,2.6500000000000004,32,"{'MLP__hidden_layer_sizes': 32, 'MLP__activation': 'relu', 'MLP__alpha': 2.6500000000000004}",146,0.223719556516,0.222699750803,0.208533999924,0.054563494043,3.28154591431e-05,0.00692421761168
0.222192287445,0.0530083179474,0.229537088021,relu,2.6500000000000004,64,"{'MLP__hidden_layer_sizes': 64, 'MLP__activation': 'relu', 'MLP__alpha': 2.6500000000000004}",77,0.223785587781,0.219084727473,0.245829597644,0.0838954884721,0.0310096438453,0.0116453569812
0.424609343211,0.0097664197286,0.220118392779,relu,2.6500000000000004,128,"{'MLP__hidden_layer_sizes': 128, 'MLP__activation': 'relu', 'MLP__alpha': 2.6500000000000004}",125,0.19938353757,0.239563491941,0.221497077271,0.185807107289,0.00096231008348,0.0164485884608
0.895910660426,0.00460569063822,0.231003085222,relu,2.6500000000000004,"(32, 64, 32)","{'MLP__hidden_layer_sizes': (32, 64, 32), 'MLP__activation': 'relu', 'MLP__alpha': 2.6500000000000004}",67,0.235862654969,0.230359516696,0.226750439704,0.244150725991,0.00190824544539,0.00374774744725
0.988793770472,0.0301365852356,0.237367602938,relu,2.6500000000000004,"(64, 128, 64)","{'MLP__hidden_layer_sizes': (64, 128, 64), 'MLP__activation': 'relu', 'MLP__alpha': 2.6500000000000004}",30,0.212448002512,0.230974584873,0.268907269418,0.420492295289,0.0184648811864,0.0234883279835
0.218171040217,0.00119964281718,0.218159056635,relu,2.7500000000000004,32,"{'MLP__hidden_layer_sizes': 32, 'MLP__activation': 'relu', 'MLP__alpha': 2.7500000000000004}",148,0.223719556516,0.222699750803,0.207994625598,0.0538329953654,1.27032338485e-05,0.00717778011207
0.257127682368,0.0653653144836,0.229358095265,relu,2.7500000000000004,64,"{'MLP__hidden_layer_sizes': 64, 'MLP__activation': 'relu', 'MLP__alpha': 2.7500000000000004}",78,0.223785587781,0.219692999979,0.244679722707,0.021807130912,0.0233900376251,0.0109300809303
0.629523038864,0.0184795856476,0.219915635277,relu,2.7500000000000004,128,"{'MLP__hidden_layer_sizes': 128, 'MLP__activation': 'relu', 'MLP__alpha': 2.7500000000000004}",127,0.19938353757,0.238955219435,0.221497077271,0.333155111549,0.00433465445612,0.0162096577415
1.13022534053,0.00510295232137,0.235161125323,relu,2.7500000000000004,"(32, 64, 32)","{'MLP__hidden_layer_sizes': (32, 64, 32), 'MLP__activation': 'relu', 'MLP__alpha': 2.7500000000000004}",39,0.251855017864,0.228233070647,0.2252884514,0.308028718689,0.00170730915051,0.0119007343229
0.902730067571,0.00621596972148,0.237320321494,relu,2.7500000000000004,"(64, 128, 64)","{'MLP__hidden_layer_sizes': (64, 128, 64), 'MLP__activation': 'relu', 'MLP__alpha': 2.7500000000000004}",31,0.212306726317,0.230974584873,0.268907269418,0.346141693435,0.00248010633282,0.0235385314966
0.306053002675,0.00924706459045,0.217980156235,relu,2.8500000000000005,32,"{'MLP__hidden_layer_sizes': 32, 'MLP__activation': 'relu', 'MLP__alpha': 2.8500000000000005}",149,0.224327829022,0.222160376477,0.207384124988,0.145872702184,0.0113788062813,0.00752226902136
0.317493041356,0.0373873710632,0.228387355936,relu,2.8500000000000005,64,"{'MLP__hidden_layer_sizes': 64, 'MLP__activation': 'relu', 'MLP__alpha': 2.8500000000000005}",90,0.223785587781,0.219692999979,0.241755746099,0.022969054319,0.0276859463226,0.00957163208045
0.429413715998,0.0113779703776,0.219915635277,relu,2.8500000000000005,128,"{'MLP__hidden_layer_sizes': 128, 'MLP__activation': 'relu', 'MLP__alpha': 2.8500000000000005}",127,0.19938353757,0.238955219435,0.221497077271,0.153761153101,0.00155282240005,0.0162096577415
0.799938996633,0.00475867589315,0.230499100522,relu,2.8500000000000005,"(32, 64, 32)","{'MLP__hidden_layer_sizes': (32, 64, 32), 'MLP__activation': 'relu', 'MLP__alpha': 2.8500000000000005}",73,0.238833379402,0.226783795285,0.225827825726,0.127921041573,0.00154928221162,0.00592385249122
0.748480240504,0.0120213031769,0.22198612361,relu,2.8500000000000005,"(64, 128, 64)","{'MLP__hidden_layer_sizes': (64, 128, 64), 'MLP__activation': 'relu', 'MLP__alpha': 2.8500000000000005}",113,0.211627815713,0.187109741022,0.267445281114,0.399431497618,0.00451695538829,0.0335773367162
0.265377044678,0.00128865242004,0.218182913737,relu,2.9500000000000002,32,"{'MLP__hidden_layer_sizes': 32, 'MLP__activation': 'relu', 'MLP__alpha': 2.9500000000000002}",147,0.224327829022,0.222768648983,0.207384124988,0.0656532795503,9.84373310037e-06,0.00763949569455
0.207635641098,0.0519066651662,0.22808191843,relu,2.9500000000000002,64,"{'MLP__hidden_layer_sizes': 64, 'MLP__activation': 'relu', 'MLP__alpha': 2.9500000000000002}",91,0.224323222189,0.219692999979,0.240293757795,0.0228011945099,0.011665275741,0.00881453100514
0.507926384608,0.0144153436025,0.220095426719,relu,2.9500000000000002,128,"{'MLP__hidden_layer_sizes': 128, 'MLP__activation': 'relu', 'MLP__alpha': 2.9500000000000002}",126,0.19938353757,0.239494593761,0.221497077271,0.251415559955,0.00526030723161,0.0164214482491
1.11290860176,0.00566109021505,0.233559750313,relu,2.9500000000000002,"(32, 64, 32)","{'MLP__hidden_layer_sizes': (32, 64, 32), 'MLP__activation': 'relu', 'MLP__alpha': 2.9500000000000002}",44,0.235326556171,0.230877870658,0.234471385085,0.224630901798,0.000879068782955,0.00192824364026
0.809715986252,0.00638961791992,0.236075761781,relu,2.9500000000000002,"(64, 128, 64)","{'MLP__hidden_layer_sizes': (64, 128, 64), 'MLP__activation': 'relu', 'MLP__alpha': 2.9500000000000002}",36,0.211557177616,0.230905686693,0.26598329281,0.0553207068574,0.00443136534108,0.0225179304094
