mean_fit_time,mean_score_time,mean_test_score,param_DT__class_weight,param_DT__criterion,param_DT__max_depth,param_DT__min_samples_leaf,param_DT__n_estimators,params,rank_test_score,split0_test_score,split1_test_score,split2_test_score,split3_test_score,split4_test_score,std_fit_time,std_score_time,std_test_score
0.257598924637,0.00873336791992,0.708129102019,balanced,gini,1,1,100,"{'DT__criterion': 'gini', 'DT__max_depth': 1, 'DT__class_weight': 'balanced', 'DT__n_estimators': 100, 'DT__min_samples_leaf': 1}",19,0.665927021696,0.625862919132,0.753698224852,0.723865877712,0.771642368727,0.0380357906388,0.00211509590089,0.0545912902433
0.495511007309,0.0145417690277,0.715882332513,balanced,gini,1,1,200,"{'DT__criterion': 'gini', 'DT__max_depth': 1, 'DT__class_weight': 'balanced', 'DT__n_estimators': 200, 'DT__min_samples_leaf': 1}",4,0.660009861933,0.631780078895,0.761094674556,0.761094674556,0.765707650626,0.131693520662,0.00325060975153,0.0579147845575
0.931035423279,0.0286431312561,0.710795531751,balanced,gini,1,1,500,"{'DT__criterion': 'gini', 'DT__max_depth': 1, 'DT__class_weight': 'balanced', 'DT__n_estimators': 500, 'DT__min_samples_leaf': 1}",11,0.664447731755,0.633259368836,0.743219921105,0.743219921105,0.770158689201,0.096144388632,0.000824674156494,0.0525021928716
1.80656499863,0.0658492088318,0.709019182513,balanced,gini,1,1,1000,"{'DT__criterion': 'gini', 'DT__max_depth': 1, 'DT__class_weight': 'balanced', 'DT__n_estimators': 1000, 'DT__min_samples_leaf': 1}",18,0.662968441815,0.630300788955,0.759615384615,0.723865877712,0.768675009676,0.106609627185,0.0155345741826,0.0541350221773
0.177662372589,0.00640497207642,0.718274972035,balanced,gini,1,2,100,"{'DT__criterion': 'gini', 'DT__max_depth': 1, 'DT__class_weight': 'balanced', 'DT__n_estimators': 100, 'DT__min_samples_leaf': 2}",2,0.662968441815,0.62290433925,0.762573964497,0.774531558185,0.768675009676,0.00542885342622,0.000392118408106,0.0629755746589
0.400519800186,0.0132005691528,0.702749165394,balanced,gini,1,2,200,"{'DT__criterion': 'gini', 'DT__max_depth': 1, 'DT__class_weight': 'balanced', 'DT__n_estimators': 200, 'DT__min_samples_leaf': 2}",33,0.660009861933,0.627342209073,0.75357495069,0.703032544379,0.770158689201,0.084227593153,0.00315011373652,0.0540949235105
1.0973803997,0.03825507164,0.710203923572,balanced,gini,1,2,500,"{'DT__criterion': 'gini', 'DT__max_depth': 1, 'DT__class_weight': 'balanced', 'DT__n_estimators': 500, 'DT__min_samples_leaf': 2}",15,0.665927021696,0.636217948718,0.758136094675,0.722386587771,0.768675009676,0.274938742255,0.012465986686,0.0515653925351
1.89050979614,0.0579051971436,0.709020707214,balanced,gini,1,2,1000,"{'DT__criterion': 'gini', 'DT__max_depth': 1, 'DT__class_weight': 'balanced', 'DT__n_estimators': 1000, 'DT__min_samples_leaf': 2}",17,0.665927021696,0.631780078895,0.762573964497,0.71942800789,0.765707650626,0.184197370128,0.00299468424309,0.0529350184316
0.172761392593,0.00601010322571,0.713193507726,balanced,gini,1,3,100,"{'DT__criterion': 'gini', 'DT__max_depth': 1, 'DT__class_weight': 'balanced', 'DT__n_estimators': 100, 'DT__min_samples_leaf': 3}",5,0.670364891519,0.64065581854,0.762697238659,0.729783037475,0.762740291575,0.00923533922717,1.79118215433e-05,0.0495514377794
0.358216381073,0.0122196674347,0.716745443852,balanced,gini,1,3,200,"{'DT__criterion': 'gini', 'DT__max_depth': 1, 'DT__class_weight': 'balanced', 'DT__n_estimators': 200, 'DT__min_samples_leaf': 3}",3,0.660009861933,0.636217948718,0.750616370809,0.769970414201,0.767191330151,0.013602904644,0.00116776054167,0.0569778993899
0.882829475403,0.0299282073975,0.71289427306,balanced,gini,1,3,500,"{'DT__criterion': 'gini', 'DT__max_depth': 1, 'DT__class_weight': 'balanced', 'DT__n_estimators': 500, 'DT__min_samples_leaf': 3}",6,0.665927021696,0.628821499014,0.765532544379,0.7358234714,0.768675009676,0.0299065683312,0.0020704531053,0.0560041397233
1.78082551956,0.0592252731323,0.706650462746,balanced,gini,1,3,1000,"{'DT__criterion': 'gini', 'DT__max_depth': 1, 'DT__class_weight': 'balanced', 'DT__n_estimators': 1000, 'DT__min_samples_leaf': 3}",24,0.668885601578,0.624383629191,0.758136094675,0.714990138067,0.767191330151,0.113592029438,0.00437894962447,0.0539914612609
0.23892250061,0.00816340446472,0.710206210623,balanced,gini,1,4,100,"{'DT__criterion': 'gini', 'DT__max_depth': 1, 'DT__class_weight': 'balanced', 'DT__n_estimators': 100, 'DT__min_samples_leaf': 4}",14,0.67184418146,0.630300788955,0.75357495069,0.731385601578,0.764223971101,0.0515817874361,0.00205596712695,0.0511902546222
0.356823396683,0.0118850231171,0.709073120827,balanced,gini,1,4,200,"{'DT__criterion': 'gini', 'DT__max_depth': 1, 'DT__class_weight': 'balanced', 'DT__n_estimators': 200, 'DT__min_samples_leaf': 4}",16,0.660009861933,0.627342209073,0.74926035503,0.74926035503,0.759772932525,0.0140698274291,0.000853907324318,0.0545708626055
0.87673664093,0.0289893627167,0.706921965906,balanced,gini,1,4,500,"{'DT__criterion': 'gini', 'DT__max_depth': 1, 'DT__class_weight': 'balanced', 'DT__n_estimators': 500, 'DT__min_samples_leaf': 4}",23,0.667406311637,0.634738658777,0.746178500986,0.71942800789,0.767191330151,0.0536245778114,0.00152315931105,0.0491835051772
1.77758727074,0.0573682308197,0.711414871437,balanced,gini,1,4,1000,"{'DT__criterion': 'gini', 'DT__max_depth': 1, 'DT__class_weight': 'balanced', 'DT__n_estimators': 1000, 'DT__min_samples_leaf': 4}",10,0.664447731755,0.624383629191,0.762573964497,0.740261341223,0.765707650626,0.14164627106,0.00485272555195,0.0568841252571
0.233960962296,0.00805444717407,0.698196295828,balanced,gini,4,1,100,"{'DT__criterion': 'gini', 'DT__max_depth': 4, 'DT__class_weight': 'balanced', 'DT__n_estimators': 100, 'DT__min_samples_leaf': 1}",38,0.671597633136,0.652366863905,0.762327416174,0.683555226824,0.721261772674,0.0432451281038,0.00166194452735,0.0391728018878
0.437820386887,0.014239358902,0.692218652221,balanced,gini,4,1,200,"{'DT__criterion': 'gini', 'DT__max_depth': 4, 'DT__class_weight': 'balanced', 'DT__n_estimators': 200, 'DT__min_samples_leaf': 1}",46,0.629930966469,0.680596646943,0.719181459566,0.701429980276,0.730163849826,0.113153190817,0.0031195976459,0.0353990808889
1.17067756653,0.038273859024,0.693857653002,balanced,gini,4,1,500,"{'DT__criterion': 'gini', 'DT__max_depth': 4, 'DT__class_weight': 'balanced', 'DT__n_estimators': 500, 'DT__min_samples_leaf': 1}",44,0.671597633136,0.67615877712,0.723619329389,0.647805719921,0.750419300735,0.235917677985,0.00853036948022,0.0374288157126
2.15175642967,0.0661578178406,0.691627806392,balanced,gini,4,1,1000,"{'DT__criterion': 'gini', 'DT__max_depth': 4, 'DT__class_weight': 'balanced', 'DT__n_estimators': 1000, 'DT__min_samples_leaf': 1}",47,0.670118343195,0.674679487179,0.744452662722,0.641888560158,0.727196490775,0.280349038031,0.00350207571668,0.0381590016372
0.230449008942,0.00802621841431,0.693752754507,balanced,gini,4,2,100,"{'DT__criterion': 'gini', 'DT__max_depth': 4, 'DT__class_weight': 'balanced', 'DT__n_estimators': 100, 'DT__min_samples_leaf': 2}",45,0.671597633136,0.65692800789,0.734097633136,0.683555226824,0.7227454522,0.045560108496,0.00217765605158,0.0297302067358
0.392024564743,0.0139410018921,0.686864160052,balanced,gini,4,2,200,"{'DT__criterion': 'gini', 'DT__max_depth': 4, 'DT__class_weight': 'balanced', 'DT__n_estimators': 200, 'DT__min_samples_leaf': 2}",60,0.667159763314,0.674679487179,0.717702169625,0.647805719921,0.727196490775,0.0198864355359,0.00124944677441,0.0304503086329
0.980934238434,0.0356003284454,0.703707337754,balanced,gini,4,2,500,"{'DT__criterion': 'gini', 'DT__max_depth': 4, 'DT__class_weight': 'balanced', 'DT__n_estimators': 500, 'DT__min_samples_leaf': 2}",32,0.649285009862,0.673200197239,0.744452662722,0.704388560158,0.747451941685,0.0630521009929,0.00807705901827,0.0386377715669
2.07580981255,0.0728339195251,0.687613842688,balanced,gini,4,2,1000,"{'DT__criterion': 'gini', 'DT__max_depth': 4, 'DT__class_weight': 'balanced', 'DT__n_estimators': 1000, 'DT__min_samples_leaf': 2}",55,0.649285009862,0.67615877712,0.720660749507,0.643367850099,0.74893562121,0.137945887497,0.0182767550721,0.0409853377772
0.289202356339,0.0102427959442,0.688072820865,balanced,gini,4,3,100,"{'DT__criterion': 'gini', 'DT__max_depth': 4, 'DT__class_weight': 'balanced', 'DT__n_estimators': 100, 'DT__min_samples_leaf': 3}",53,0.652243589744,0.665803747535,0.737056213018,0.656804733728,0.728680170301,0.0534132692368,0.00180686751491,0.0368892295815
0.448857498169,0.0151331424713,0.690146880069,balanced,gini,4,3,200,"{'DT__criterion': 'gini', 'DT__max_depth': 4, 'DT__class_weight': 'balanced', 'DT__n_estimators': 200, 'DT__min_samples_leaf': 3}",50,0.665680473373,0.673200197239,0.720660749507,0.664201183432,0.727196490775,0.0870681410491,0.00409585008398,0.0277828180597
1.1875269413,0.0411150455475,0.687020709809,balanced,gini,4,3,500,"{'DT__criterion': 'gini', 'DT__max_depth': 4, 'DT__class_weight': 'balanced', 'DT__n_estimators': 500, 'DT__min_samples_leaf': 3}",58,0.649285009862,0.674679487179,0.717702169625,0.643367850099,0.750419300735,0.269184370429,0.010530936739,0.0410602054472
2.03470673561,0.0680166721344,0.686865684752,balanced,gini,4,3,1000,"{'DT__criterion': 'gini', 'DT__max_depth': 4, 'DT__class_weight': 'balanced', 'DT__n_estimators': 1000, 'DT__min_samples_leaf': 3}",59,0.670118343195,0.674679487179,0.720660749507,0.644847140039,0.724229131725,0.181084076435,0.00838378842426,0.0307577060111
0.270603370667,0.00863604545593,0.685791322994,balanced,gini,4,4,100,"{'DT__criterion': 'gini', 'DT__max_depth': 4, 'DT__class_weight': 'balanced', 'DT__n_estimators': 100, 'DT__min_samples_leaf': 4}",63,0.647805719921,0.67615877712,0.742973372781,0.652243589744,0.709908398916,0.0760601948949,0.00233029906677,0.0361013842379
0.401472377777,0.0137587547302,0.689121738168,balanced,gini,4,4,200,"{'DT__criterion': 'gini', 'DT__max_depth': 4, 'DT__class_weight': 'balanced', 'DT__n_estimators': 200, 'DT__min_samples_leaf': 4}",51,0.650764299803,0.665803747535,0.722140039448,0.662721893491,0.744484582634,0.0316430175049,0.00125316117046,0.0370347678275
0.985844230652,0.0336013793945,0.690147642419,balanced,gini,4,4,500,"{'DT__criterion': 'gini', 'DT__max_depth': 4, 'DT__class_weight': 'balanced', 'DT__n_estimators': 500, 'DT__min_samples_leaf': 4}",49,0.670118343195,0.668762327416,0.719181459566,0.667159763314,0.72571281125,0.0469196323973,0.00243829079309,0.0264259750157
2.03086137772,0.0681770324707,0.687457292931,balanced,gini,4,4,1000,"{'DT__criterion': 'gini', 'DT__max_depth': 4, 'DT__class_weight': 'balanced', 'DT__n_estimators': 1000, 'DT__min_samples_leaf': 4}",56,0.649285009862,0.674679487179,0.720660749507,0.667159763314,0.72571281125,0.177435370053,0.00417951307592,0.0303161066013
0.228467226028,0.00792064666748,0.624490770086,balanced,gini,7,1,100,"{'DT__criterion': 'gini', 'DT__max_depth': 7, 'DT__class_weight': 'balanced', 'DT__n_estimators': 100, 'DT__min_samples_leaf': 1}",88,0.595414201183,0.614891518738,0.711415187377,0.595414201183,0.60521223068,0.0200080307076,0.000513745748377,0.0440890958397
0.43623085022,0.0150471687317,0.627448810981,balanced,gini,7,1,200,"{'DT__criterion': 'gini', 'DT__max_depth': 7, 'DT__class_weight': 'balanced', 'DT__n_estimators': 200, 'DT__min_samples_leaf': 1}",85,0.617726824458,0.622287968442,0.651873767258,0.632642998028,0.612630628306,0.0309863356327,0.000968862476084,0.0138862531362
1.03845872879,0.0359098911285,0.622093556461,balanced,gini,7,1,500,"{'DT__criterion': 'gini', 'DT__max_depth': 7, 'DT__class_weight': 'balanced', 'DT__n_estimators': 500, 'DT__min_samples_leaf': 1}",92,0.592455621302,0.623767258383,0.650394477318,0.632642998028,0.611146948781,0.0461442095749,0.00167067855114,0.0195689714545
2.11487855911,0.0723016262054,0.618653524337,balanced,gini,7,1,1000,"{'DT__criterion': 'gini', 'DT__max_depth': 7, 'DT__class_weight': 'balanced', 'DT__n_estimators': 1000, 'DT__min_samples_leaf': 1}",99,0.611809664694,0.625246548323,0.650394477318,0.616247534517,0.589407818346,0.116802722892,0.004763209794,0.0197804489167
0.200737571716,0.00728139877319,0.633742747856,balanced,gini,7,2,100,"{'DT__criterion': 'gini', 'DT__max_depth': 7, 'DT__class_weight': 'balanced', 'DT__n_estimators': 100, 'DT__min_samples_leaf': 2}",80,0.623767258383,0.63424556213,0.668269230769,0.629684418146,0.612630628306,0.000797358586859,3.78413474341e-05,0.0187270280304
0.408532238007,0.0146577358246,0.623600689591,balanced,gini,7,2,200,"{'DT__criterion': 'gini', 'DT__max_depth': 7, 'DT__class_weight': 'balanced', 'DT__n_estimators': 200, 'DT__min_samples_leaf': 2}",91,0.60441321499,0.625246548323,0.647435897436,0.632642998028,0.60817958973,0.0202178207829,0.000531375955746,0.0158659113626
1.02905011177,0.035334444046,0.620458367432,balanced,gini,7,2,500,"{'DT__criterion': 'gini', 'DT__max_depth': 7, 'DT__class_weight': 'balanced', 'DT__n_estimators': 500, 'DT__min_samples_leaf': 2}",95,0.608851084813,0.61932938856,0.651873767258,0.638560157791,0.583473100245,0.0462717486004,0.0015327460808,0.0237236915583
2.09831399918,0.0817402362823,0.624783905949,balanced,gini,7,2,1000,"{'DT__criterion': 'gini', 'DT__max_depth': 7, 'DT__class_weight': 'balanced', 'DT__n_estimators': 1000, 'DT__min_samples_leaf': 2}",86,0.610330374753,0.620808678501,0.647435897436,0.634122287968,0.611146948781,0.0756027946395,0.00732483674431,0.0142202775815
0.20082359314,0.00734367370605,0.650154678888,balanced,gini,7,3,100,"{'DT__criterion': 'gini', 'DT__max_depth': 7, 'DT__class_weight': 'balanced', 'DT__n_estimators': 100, 'DT__min_samples_leaf': 3}",67,0.602933925049,0.658037475345,0.706977317554,0.635601577909,0.647206812024,0.00875857343055,0.000203629264941,0.0339043827933
0.419751834869,0.0147837162018,0.628095119823,balanced,gini,7,3,200,"{'DT__criterion': 'gini', 'DT__max_depth': 7, 'DT__class_weight': 'balanced', 'DT__n_estimators': 200, 'DT__min_samples_leaf': 3}",84,0.607371794872,0.638683431953,0.663831360947,0.626725838264,0.603728551155,0.0311338347247,0.000854338872728,0.021971066478
1.05221858025,0.0360824108124,0.635681745653,balanced,gini,7,3,500,"{'DT__criterion': 'gini', 'DT__max_depth': 7, 'DT__class_weight': 'balanced', 'DT__n_estimators': 500, 'DT__min_samples_leaf': 3}",79,0.608851084813,0.61932938856,0.689102564103,0.635601577909,0.625467681589,0.0483192901216,0.00190942699684,0.0281040519162
2.10514779091,0.0701996326447,0.644180084682,balanced,gini,7,3,1000,"{'DT__criterion': 'gini', 'DT__max_depth': 7, 'DT__class_weight': 'balanced', 'DT__n_estimators': 1000, 'DT__min_samples_leaf': 3}",73,0.628205128205,0.61932938856,0.689102564103,0.634122287968,0.650174171075,0.101824163744,0.00145778537623,0.0246212287715
0.225634002686,0.00762357711792,0.64676081722,balanced,gini,7,4,100,"{'DT__criterion': 'gini', 'DT__max_depth': 7, 'DT__class_weight': 'balanced', 'DT__n_estimators': 100, 'DT__min_samples_leaf': 4}",70,0.601454635108,0.631286982249,0.706977317554,0.631163708087,0.663011224358,0.0380532287627,0.000627755957595,0.0358639355913
0.466487169266,0.0180373668671,0.642133756986,balanced,gini,7,4,200,"{'DT__criterion': 'gini', 'DT__max_depth': 7, 'DT__class_weight': 'balanced', 'DT__n_estimators': 200, 'DT__min_samples_leaf': 4}",76,0.620808678501,0.631286982249,0.681706114398,0.631163708087,0.645723132499,0.0771344182082,0.00479111792583,0.0213262755191
1.17797174454,0.0359740257263,0.648082906736,balanced,gini,7,4,500,"{'DT__criterion': 'gini', 'DT__max_depth': 7, 'DT__class_weight': 'balanced', 'DT__n_estimators': 500, 'DT__min_samples_leaf': 4}",68,0.625246548323,0.637204142012,0.705498027613,0.628205128205,0.644239452974,0.167710389577,0.00244784117604,0.0294990413184
2.21228380203,0.0838872432709,0.650156203589,balanced,gini,7,4,1000,"{'DT__criterion': 'gini', 'DT__max_depth': 7, 'DT__class_weight': 'balanced', 'DT__n_estimators': 1000, 'DT__min_samples_leaf': 4}",66,0.626725838264,0.637204142012,0.709935897436,0.632642998028,0.644239452974,0.148712767598,0.0179607081345,0.030453244047
0.202963590622,0.00755844116211,0.558486390518,balanced,gini,10,1,100,"{'DT__criterion': 'gini', 'DT__max_depth': 10, 'DT__class_weight': 'balanced', 'DT__n_estimators': 100, 'DT__min_samples_leaf': 1}",164,0.516395463511,0.568540433925,0.599728796844,0.525394477318,0.582505483163,0.000511613962126,0.000279588196919,0.0323983621267
0.415535402298,0.0149124622345,0.557441284967,balanced,gini,10,1,200,"{'DT__criterion': 'gini', 'DT__max_depth': 10, 'DT__class_weight': 'balanced', 'DT__n_estimators': 200, 'DT__min_samples_leaf': 1}",165,0.498520710059,0.567061143984,0.598249506903,0.564102564103,0.559282673203,0.00971962116802,0.00036112747071,0.0325055966723
1.08705296516,0.0385268211365,0.546112198593,balanced,gini,10,1,500,"{'DT__criterion': 'gini', 'DT__max_depth': 10, 'DT__class_weight': 'balanced', 'DT__n_estimators': 500, 'DT__min_samples_leaf': 1}",173,0.495562130178,0.571499013807,0.599728796844,0.504561143984,0.559282673203,0.0516025792613,0.00200254756014,0.0399558578465
2.19846320152,0.0770420074463,0.546112198593,balanced,gini,10,1,1000,"{'DT__criterion': 'gini', 'DT__max_depth': 10, 'DT__class_weight': 'balanced', 'DT__n_estimators': 1000, 'DT__min_samples_leaf': 1}",173,0.495562130178,0.572978303748,0.57741617357,0.525394477318,0.559282673203,0.147767552643,0.00493929250932,0.0311901831867
0.210491228104,0.00768880844116,0.564895280796,balanced,gini,10,2,100,"{'DT__criterion': 'gini', 'DT__max_depth': 10, 'DT__class_weight': 'balanced', 'DT__n_estimators': 100, 'DT__min_samples_leaf': 2}",157,0.492603550296,0.565581854043,0.660749506903,0.546227810651,0.559282673203,0.00116306340762,0.000227768864291,0.0544256659967
0.514697170258,0.0158824920654,0.565348778168,balanced,gini,10,2,200,"{'DT__criterion': 'gini', 'DT__max_depth': 10, 'DT__class_weight': 'balanced', 'DT__n_estimators': 200, 'DT__min_samples_leaf': 2}",156,0.534270216963,0.586415187377,0.578895463511,0.546227810651,0.581021803638,0.125306236629,0.00223930078919,0.0210024677721
1.09498338699,0.0423821926117,0.552085268097,balanced,gini,10,2,500,"{'DT__criterion': 'gini', 'DT__max_depth': 10, 'DT__class_weight': 'balanced', 'DT__n_estimators': 500, 'DT__min_samples_leaf': 2}",168,0.51491617357,0.586415187377,0.598249506903,0.501602564103,0.559282673203,0.0863362155883,0.00692359681157,0.038208133332
2.17939100266,0.0889538288116,0.563711302087,balanced,gini,10,2,1000,"{'DT__criterion': 'gini', 'DT__max_depth': 10, 'DT__class_weight': 'balanced', 'DT__n_estimators': 1000, 'DT__min_samples_leaf': 2}",158,0.532790927022,0.587894477318,0.596770216963,0.543269230769,0.557798993678,0.101872820283,0.0300488884298,0.0248589708079
0.213057661057,0.00781440734863,0.584611564549,balanced,gini,10,3,100,"{'DT__criterion': 'gini', 'DT__max_depth': 10, 'DT__class_weight': 'balanced', 'DT__n_estimators': 100, 'DT__min_samples_leaf': 3}",136,0.546227810651,0.601331360947,0.613165680473,0.562623274162,0.599793575023,0.0123163624872,0.000224646532912,0.0256302006403
0.470548391342,0.0153312206268,0.58996910612,balanced,gini,10,3,200,"{'DT__criterion': 'gini', 'DT__max_depth': 10, 'DT__class_weight': 'balanced', 'DT__n_estimators': 200, 'DT__min_samples_leaf': 3}",131,0.570019723866,0.608727810651,0.610207100592,0.564102564103,0.596826215972,0.0686310338805,0.000582457055237,0.0193770785585
1.23904485703,0.0407131195068,0.599929932522,balanced,gini,10,3,500,"{'DT__criterion': 'gini', 'DT__max_depth': 10, 'DT__class_weight': 'balanced', 'DT__n_estimators': 500, 'DT__min_samples_leaf': 3}",125,0.572978303748,0.626602564103,0.636957593688,0.584935897436,0.578054444588,0.284043876193,0.00883943535966,0.02650835246
2.21998090744,0.0765972614288,0.589514084047,balanced,gini,10,3,1000,"{'DT__criterion': 'gini', 'DT__max_depth': 10, 'DT__class_weight': 'balanced', 'DT__n_estimators': 1000, 'DT__min_samples_leaf': 3}",132,0.571499013807,0.625123274162,0.608727810651,0.564102564103,0.578054444588,0.0967765552888,0.00522452052433,0.0234140831184
0.204786205292,0.00758943557739,0.619074571747,balanced,gini,10,4,100,"{'DT__criterion': 'gini', 'DT__max_depth': 10, 'DT__class_weight': 'balanced', 'DT__n_estimators': 100, 'DT__min_samples_leaf': 4}",97,0.568540433925,0.616247534517,0.628081854043,0.625123274162,0.657592568701,0.00809898626635,0.000347027217476,0.0288424840686
0.428677177429,0.0161060333252,0.611602136969,balanced,gini,10,4,200,"{'DT__criterion': 'gini', 'DT__max_depth': 10, 'DT__class_weight': 'balanced', 'DT__n_estimators': 200, 'DT__min_samples_leaf': 4}",114,0.546227810651,0.62216469428,0.648915187377,0.626602564103,0.614114307831,0.029384524606,0.00178098853876,0.0346859333937
1.05122923851,0.0381595134735,0.624567937074,balanced,gini,10,4,500,"{'DT__criterion': 'gini', 'DT__max_depth': 10, 'DT__class_weight': 'balanced', 'DT__n_estimators': 500, 'DT__min_samples_leaf': 4}",87,0.590853057199,0.62216469428,0.648915187377,0.62216469428,0.638820797316,0.0479488100557,0.00214764056869,0.0197241169798
2.15777754784,0.0811405658722,0.624272514159,balanced,gini,10,4,1000,"{'DT__criterion': 'gini', 'DT__max_depth': 10, 'DT__class_weight': 'balanced', 'DT__n_estimators': 1000, 'DT__min_samples_leaf': 4}",90,0.589373767258,0.620685404339,0.66974852071,0.604289940828,0.637337117791,0.139617513711,0.0108708433838,0.0278286895697
0.213913440704,0.00793299674988,0.523268982229,balanced,gini,13,1,100,"{'DT__criterion': 'gini', 'DT__max_depth': 13, 'DT__class_weight': 'balanced', 'DT__n_estimators': 100, 'DT__min_samples_leaf': 1}",206,0.5,0.538708086785,0.540187376726,0.494082840237,0.54347826087,0.00128260882544,0.000159329883127,0.021571294723
0.436024332047,0.0152756214142,0.51894039431,balanced,gini,13,1,200,"{'DT__criterion': 'gini', 'DT__max_depth': 13, 'DT__class_weight': 'balanced', 'DT__n_estimators': 200, 'DT__min_samples_leaf': 1}",213,0.5,0.538708086785,0.541666666667,0.492603550296,0.521739130435,0.0221714044563,0.000420570606007,0.0198473121037
1.12755513191,0.0395606517792,0.523565929844,balanced,gini,13,1,500,"{'DT__criterion': 'gini', 'DT__max_depth': 13, 'DT__class_weight': 'balanced', 'DT__n_estimators': 500, 'DT__min_samples_leaf': 1}",202,0.5,0.540187376726,0.541666666667,0.494082840237,0.541994581344,0.0575937887205,0.00206841445351,0.0217663556825
2.26665887833,0.0769486904144,0.522816247207,balanced,gini,13,1,1000,"{'DT__criterion': 'gini', 'DT__max_depth': 13, 'DT__class_weight': 'balanced', 'DT__n_estimators': 1000, 'DT__min_samples_leaf': 1}",208,0.5,0.559541420118,0.538708086785,0.495562130178,0.52025545091,0.16084353747,0.00350076197549,0.0239764653437
0.255652236938,0.00907759666443,0.548183970745,balanced,gini,13,2,100,"{'DT__criterion': 'gini', 'DT__max_depth': 13, 'DT__class_weight': 'balanced', 'DT__n_estimators': 100, 'DT__min_samples_leaf': 2}",172,0.516395463511,0.575936883629,0.578895463511,0.507519723866,0.562250032254,0.021286601146,0.00183399350417,0.0302632818186
0.421439838409,0.0153771877289,0.530315651142,balanced,gini,13,2,200,"{'DT__criterion': 'gini', 'DT__max_depth': 13, 'DT__class_weight': 'balanced', 'DT__n_estimators': 200, 'DT__min_samples_leaf': 2}",200,0.495562130178,0.552144970414,0.535749506903,0.508999013807,0.559282673203,0.00927747381245,0.000817718345364,0.0245194873961
1.09831156731,0.0380655765533,0.539546758558,balanced,gini,13,2,500,"{'DT__criterion': 'gini', 'DT__max_depth': 13, 'DT__class_weight': 'balanced', 'DT__n_estimators': 500, 'DT__min_samples_leaf': 2}",185,0.495562130178,0.572978303748,0.578895463511,0.491124260355,0.559282673203,0.0443537981554,0.00269935279565,0.0383166816031
2.30243115425,0.083661031723,0.531203444586,balanced,gini,13,2,1000,"{'DT__criterion': 'gini', 'DT__max_depth': 13, 'DT__class_weight': 'balanced', 'DT__n_estimators': 1000, 'DT__min_samples_leaf': 2}",197,0.494082840237,0.553624260355,0.537228796844,0.510478303748,0.560766352729,0.251983868825,0.0194063555664,0.0253738553019
0.211042833328,0.00767383575439,0.562686160187,balanced,gini,13,3,100,"{'DT__criterion': 'gini', 'DT__max_depth': 13, 'DT__class_weight': 'balanced', 'DT__n_estimators': 100, 'DT__min_samples_leaf': 3}",159,0.532790927022,0.587894477318,0.590853057199,0.526873767258,0.575087085537,0.00688940200538,4.28314448507e-05,0.0274305530893
0.529762363434,0.0175116062164,0.572508113432,balanced,gini,13,3,200,"{'DT__criterion': 'gini', 'DT__max_depth': 13, 'DT__class_weight': 'balanced', 'DT__n_estimators': 200, 'DT__min_samples_leaf': 3}",152,0.556582840237,0.570019723866,0.613165680473,0.54474852071,0.578054444588,0.105955271155,0.00379790101197,0.0233110842138
1.14803338051,0.0378106117249,0.580257532175,balanced,gini,13,3,500,"{'DT__criterion': 'gini', 'DT__max_depth': 13, 'DT__class_weight': 'balanced', 'DT__n_estimators': 500, 'DT__min_samples_leaf': 3}",140,0.552144970414,0.631040433925,0.613165680473,0.525394477318,0.579538124113,0.140011975911,0.00112923172387,0.0386545988657
2.46778259277,0.0784701824188,0.579665161645,balanced,gini,13,3,1000,"{'DT__criterion': 'gini', 'DT__max_depth': 13, 'DT__class_weight': 'balanced', 'DT__n_estimators': 1000, 'DT__min_samples_leaf': 3}",141,0.553624260355,0.608727810651,0.611686390533,0.54474852071,0.579538124113,0.393809991577,0.00810916203295,0.0274644513944
0.214548206329,0.00816216468811,0.594620086109,balanced,gini,13,4,100,"{'DT__criterion': 'gini', 'DT__max_depth': 13, 'DT__class_weight': 'balanced', 'DT__n_estimators': 100, 'DT__min_samples_leaf': 4}",128,0.567061143984,0.598372781065,0.628081854043,0.564102564103,0.615597987356,0.0134875509949,0.000592291152512,0.0255571388634
0.412422943115,0.0163646221161,0.611896797533,balanced,gini,13,4,200,"{'DT__criterion': 'gini', 'DT__max_depth': 13, 'DT__class_weight': 'balanced', 'DT__n_estimators': 200, 'DT__min_samples_leaf': 4}",113,0.54474852071,0.623643984221,0.647435897436,0.626602564103,0.617081666882,0.0122365218121,0.00341897892739,0.0350990465083
1.10884375572,0.041232585907,0.621283692356,balanced,gini,13,4,500,"{'DT__criterion': 'gini', 'DT__max_depth': 13, 'DT__class_weight': 'balanced', 'DT__n_estimators': 500, 'DT__min_samples_leaf': 4}",94,0.570019723866,0.620685404339,0.668269230769,0.605769230769,0.641788156367,0.0589792118846,0.0096350036457,0.03316890195
2.38054785728,0.0742002010345,0.621580639971,balanced,gini,13,4,1000,"{'DT__criterion': 'gini', 'DT__max_depth': 13, 'DT__class_weight': 'balanced', 'DT__n_estimators': 1000, 'DT__min_samples_leaf': 4}",93,0.590853057199,0.620685404339,0.671227810651,0.584935897436,0.640304476842,0.188136081429,0.00360146656642,0.0319592011575
0.23727889061,0.00839772224426,0.523704803001,balanced,gini,16,1,100,"{'DT__criterion': 'gini', 'DT__max_depth': 16, 'DT__class_weight': 'balanced', 'DT__n_estimators': 100, 'DT__min_samples_leaf': 1}",201,0.5,0.561020710059,0.541666666667,0.495562130178,0.52025545091,0.01054474474,0.000541279586676,0.0248365598133
0.45701417923,0.0154577732086,0.523407855386,balanced,gini,16,1,200,"{'DT__criterion': 'gini', 'DT__max_depth': 16, 'DT__class_weight': 'balanced', 'DT__n_estimators': 200, 'DT__min_samples_leaf': 1}",204,0.498520710059,0.561020710059,0.540187376726,0.495562130178,0.521739130435,0.0268799844898,0.000422992527192,0.0248886528138
1.12648320198,0.0405215740204,0.515657674293,balanced,gini,16,1,500,"{'DT__criterion': 'gini', 'DT__max_depth': 16, 'DT__class_weight': 'balanced', 'DT__n_estimators': 500, 'DT__min_samples_leaf': 1}",222,0.5,0.519354043393,0.541666666667,0.495562130178,0.521739130435,0.0463597427937,0.00198444237083,0.0165977485285
2.23400669098,0.0835417747498,0.515657674293,balanced,gini,16,1,1000,"{'DT__criterion': 'gini', 'DT__max_depth': 16, 'DT__class_weight': 'balanced', 'DT__n_estimators': 1000, 'DT__min_samples_leaf': 1}",222,0.5,0.519354043393,0.541666666667,0.495562130178,0.521739130435,0.137555949731,0.00676732270346,0.0165977485285
0.210788011551,0.00773301124573,0.530610311706,balanced,gini,16,2,100,"{'DT__criterion': 'gini', 'DT__max_depth': 16, 'DT__class_weight': 'balanced', 'DT__n_estimators': 100, 'DT__min_samples_leaf': 2}",199,0.492603550296,0.572978303748,0.537228796844,0.488165680473,0.562250032254,0.00226290086204,3.17741756167e-05,0.0348917727422
0.416702508926,0.0149964809418,0.540433789652,balanced,gini,16,2,200,"{'DT__criterion': 'gini', 'DT__max_depth': 16, 'DT__class_weight': 'balanced', 'DT__n_estimators': 200, 'DT__min_samples_leaf': 2}",182,0.516395463511,0.553624260355,0.558062130178,0.511957593688,0.562250032254,0.011977815463,0.000355967973798,0.0216767002912
1.10272641182,0.0455146312714,0.531795815115,balanced,gini,16,2,500,"{'DT__criterion': 'gini', 'DT__max_depth': 16, 'DT__class_weight': 'balanced', 'DT__n_estimators': 500, 'DT__min_samples_leaf': 2}",194,0.495562130178,0.555103550296,0.537228796844,0.510478303748,0.560766352729,0.0825219028205,0.00977066749372,0.0252121041617
2.21170425415,0.0812004089355,0.531203444586,balanced,gini,16,2,1000,"{'DT__criterion': 'gini', 'DT__max_depth': 16, 'DT__class_weight': 'balanced', 'DT__n_estimators': 1000, 'DT__min_samples_leaf': 2}",197,0.494082840237,0.553624260355,0.537228796844,0.510478303748,0.560766352729,0.114754155311,0.0116918177308,0.0253738553019
0.251212215424,0.00951862335205,0.565350302868,balanced,gini,16,3,100,"{'DT__criterion': 'gini', 'DT__max_depth': 16, 'DT__class_weight': 'balanced', 'DT__n_estimators': 100, 'DT__min_samples_leaf': 3}",155,0.534270216963,0.570019723866,0.575936883629,0.568540433925,0.578054444588,0.0246955045717,0.00162541262255,0.0159495256754
0.450886869431,0.0159555912018,0.562231900465,balanced,gini,16,3,200,"{'DT__criterion': 'gini', 'DT__max_depth': 16, 'DT__class_weight': 'balanced', 'DT__n_estimators': 200, 'DT__min_samples_leaf': 3}",160,0.574457593688,0.584935897436,0.570019723866,0.526873767258,0.554831634628,0.0394612182953,8.88420184945e-05,0.0201618156499
1.09939479828,0.0404201030731,0.575790833449,balanced,gini,16,3,500,"{'DT__criterion': 'gini', 'DT__max_depth': 16, 'DT__class_weight': 'balanced', 'DT__n_estimators': 500, 'DT__min_samples_leaf': 3}",147,0.574457593688,0.568540433925,0.613165680473,0.54474852071,0.578054444588,0.067778300596,0.00685613827287,0.0220119183597
2.27666339874,0.0850332260132,0.572804298697,balanced,gini,16,3,1000,"{'DT__criterion': 'gini', 'DT__max_depth': 16, 'DT__class_weight': 'balanced', 'DT__n_estimators': 1000, 'DT__min_samples_leaf': 3}",150,0.555103550296,0.590853057199,0.595290927022,0.54474852071,0.578054444588,0.0965608290026,0.0129171136229,0.019806202957
0.210324430466,0.00757675170898,0.610730495424,balanced,gini,16,4,100,"{'DT__criterion': 'gini', 'DT__max_depth': 16, 'DT__class_weight': 'balanced', 'DT__n_estimators': 100, 'DT__min_samples_leaf': 4}",115,0.567061143984,0.616247534517,0.628081854043,0.581977317554,0.660559927751,0.00700233051892,3.03503760916e-05,0.0332885606827
0.411319112778,0.0146431922913,0.616955866788,balanced,gini,16,4,200,"{'DT__criterion': 'gini', 'DT__max_depth': 16, 'DT__class_weight': 'balanced', 'DT__n_estimators': 200, 'DT__min_samples_leaf': 4}",102,0.610207100592,0.619206114398,0.650394477318,0.586415187377,0.618565346407,0.0125646286713,0.000289673412732,0.0205250424833
1.0445587635,0.0378577709198,0.613081538592,balanced,gini,16,4,500,"{'DT__criterion': 'gini', 'DT__max_depth': 16, 'DT__class_weight': 'balanced', 'DT__n_estimators': 500, 'DT__min_samples_leaf': 4}",110,0.570019723866,0.62216469428,0.650394477318,0.605769230769,0.617081666882,0.0251675261196,0.00260262135891,0.0260853247237
2.16069860458,0.0781464099884,0.613829696527,balanced,gini,16,4,1000,"{'DT__criterion': 'gini', 'DT__max_depth': 16, 'DT__class_weight': 'balanced', 'DT__n_estimators': 1000, 'DT__min_samples_leaf': 4}",109,0.568540433925,0.625123274162,0.628081854043,0.605769230769,0.641788156367,0.09214762197,0.00815633114979,0.025407402978
0.222805023193,0.00805540084839,0.516250044823,balanced,gini,19,1,100,"{'DT__criterion': 'gini', 'DT__max_depth': 19, 'DT__class_weight': 'balanced', 'DT__n_estimators': 100, 'DT__min_samples_leaf': 1}",214,0.5,0.519354043393,0.541666666667,0.498520710059,0.521739130435,0.00999911190367,0.000225058622118,0.0159084541263
0.435880565643,0.0158106327057,0.515953859558,balanced,gini,19,1,200,"{'DT__criterion': 'gini', 'DT__max_depth': 19, 'DT__class_weight': 'balanced', 'DT__n_estimators': 200, 'DT__min_samples_leaf': 1}",216,0.5,0.519354043393,0.541666666667,0.497041420118,0.521739130435,0.00626989917644,0.000822549233904,0.0162459738483
1.15347332954,0.0395284175873,0.520125135369,balanced,gini,19,1,500,"{'DT__criterion': 'gini', 'DT__max_depth': 19, 'DT__class_weight': 'balanced', 'DT__n_estimators': 500, 'DT__min_samples_leaf': 1}",211,0.5,0.540187376726,0.541666666667,0.497041420118,0.521739130435,0.063400854255,0.00211274742132,0.0190210386928
2.24331736565,0.0788579463959,0.515953859558,balanced,gini,19,1,1000,"{'DT__criterion': 'gini', 'DT__max_depth': 19, 'DT__class_weight': 'balanced', 'DT__n_estimators': 1000, 'DT__min_samples_leaf': 1}",216,0.5,0.519354043393,0.541666666667,0.497041420118,0.521739130435,0.0735573032094,0.00312558103234,0.0162459738483
0.201877069473,0.00768175125122,0.535512068853,balanced,gini,19,2,100,"{'DT__criterion': 'gini', 'DT__max_depth': 19, 'DT__class_weight': 'balanced', 'DT__n_estimators': 100, 'DT__min_samples_leaf': 2}",191,0.516395463511,0.571499013807,0.537228796844,0.510478303748,0.541994581344,0.00423027032473,0.00021889441257,0.0216079232011
0.437627029419,0.0156648159027,0.544902013078,balanced,gini,19,2,200,"{'DT__criterion': 'gini', 'DT__max_depth': 19, 'DT__class_weight': 'balanced', 'DT__n_estimators': 200, 'DT__min_samples_leaf': 2}",176,0.538708086785,0.555103550296,0.558062130178,0.511957593688,0.560766352729,0.0258592104119,0.00101164154819,0.0181828101559
1.08062944412,0.0371743679047,0.532387423294,balanced,gini,19,2,500,"{'DT__criterion': 'gini', 'DT__max_depth': 19, 'DT__class_weight': 'balanced', 'DT__n_estimators': 500, 'DT__min_samples_leaf': 2}",192,0.497041420118,0.553624260355,0.537228796844,0.511957593688,0.562250032254,0.0478198766983,0.00102802604101,0.0246225834114
2.22516322136,0.0772657394409,0.531795052765,balanced,gini,19,2,1000,"{'DT__criterion': 'gini', 'DT__max_depth': 19, 'DT__class_weight': 'balanced', 'DT__n_estimators': 1000, 'DT__min_samples_leaf': 2}",196,0.495562130178,0.553624260355,0.537228796844,0.510478303748,0.562250032254,0.113525872605,0.00355563332291,0.0252949986828
0.198619556427,0.00783386230469,0.579527050838,balanced,gini,19,3,100,"{'DT__criterion': 'gini', 'DT__max_depth': 19, 'DT__class_weight': 'balanced', 'DT__n_estimators': 100, 'DT__min_samples_leaf': 3}",142,0.556582840237,0.60724852071,0.59233234714,0.541789940828,0.599793575023,0.00346430891089,0.000129358600405,0.025671328445
0.414401769638,0.0152642250061,0.575790071099,balanced,gini,19,3,200,"{'DT__criterion': 'gini', 'DT__max_depth': 19, 'DT__class_weight': 'balanced', 'DT__n_estimators': 200, 'DT__min_samples_leaf': 3}",148,0.574457593688,0.587894477318,0.590853057199,0.546227810651,0.579538124113,0.0263944951931,0.000389673309583,0.0159027069623
1.07194752693,0.0379022598267,0.584724993251,balanced,gini,19,3,500,"{'DT__criterion': 'gini', 'DT__max_depth': 19, 'DT__class_weight': 'balanced', 'DT__n_estimators': 500, 'DT__min_samples_leaf': 3}",135,0.555103550296,0.610207100592,0.611686390533,0.567061143984,0.579538124113,0.048707875983,0.00188256015771,0.0227829713602
2.24381818771,0.0821647644043,0.567587154984,balanced,gini,19,3,1000,"{'DT__criterion': 'gini', 'DT__max_depth': 19, 'DT__class_weight': 'balanced', 'DT__n_estimators': 1000, 'DT__min_samples_leaf': 3}",154,0.555103550296,0.587894477318,0.59233234714,0.546227810651,0.556315314153,0.141719941797,0.0196787069698,0.0187887021916
0.208884382248,0.00794200897217,0.596079524081,balanced,gini,19,4,100,"{'DT__criterion': 'gini', 'DT__max_depth': 19, 'DT__class_weight': 'balanced', 'DT__n_estimators': 100, 'DT__min_samples_leaf': 4}",126,0.570019723866,0.619206114398,0.629561143984,0.583456607495,0.578054444588,0.00401121747937,0.000217499609144,0.0237509339512
0.419342803955,0.0164398193359,0.608613315165,balanced,gini,19,4,200,"{'DT__criterion': 'gini', 'DT__max_depth': 19, 'DT__class_weight': 'balanced', 'DT__n_estimators': 200, 'DT__min_samples_leaf': 4}",120,0.546227810651,0.623643984221,0.66974852071,0.584935897436,0.618565346407,0.00341732815757,0.00257732002561,0.0412890302058
1.11695156097,0.0391269207001,0.613830458878,balanced,gini,19,4,500,"{'DT__criterion': 'gini', 'DT__max_depth': 19, 'DT__class_weight': 'balanced', 'DT__n_estimators': 500, 'DT__min_samples_leaf': 4}",108,0.571499013807,0.62216469428,0.650394477318,0.584935897436,0.640304476842,0.100221014766,0.00334046424847,0.030774885232
2.34392962456,0.0761738300323,0.617408601809,balanced,gini,19,4,1000,"{'DT__criterion': 'gini', 'DT__max_depth': 19, 'DT__class_weight': 'balanced', 'DT__n_estimators': 1000, 'DT__min_samples_leaf': 4}",100,0.571499013807,0.620685404339,0.648915187377,0.604289940828,0.641788156367,0.413373418063,0.00436505160554,0.0278515942522
0.24447684288,0.00786118507385,0.721237587033,balanced,entropy,1,1,100,"{'DT__criterion': 'entropy', 'DT__max_depth': 1, 'DT__class_weight': 'balanced', 'DT__n_estimators': 100, 'DT__min_samples_leaf': 1}",1,0.651134122288,0.631780078895,0.784886587771,0.771449704142,0.767191330151,0.066071042705,0.0021506060316,0.0657473274154
0.343659973145,0.0122310161591,0.706945885661,balanced,entropy,1,1,200,"{'DT__criterion': 'entropy', 'DT__max_depth': 1, 'DT__class_weight': 'balanced', 'DT__n_estimators': 200, 'DT__min_samples_leaf': 1}",22,0.658530571992,0.624383629191,0.762573964497,0.72090729783,0.768675009676,0.0119648535671,0.000592651360589,0.0570216963435
0.903757667542,0.0302229881287,0.703984033014,balanced,entropy,1,1,500,"{'DT__criterion': 'entropy', 'DT__max_depth': 1, 'DT__class_weight': 'balanced', 'DT__n_estimators': 500, 'DT__min_samples_leaf': 1}",31,0.658530571992,0.624383629191,0.753698224852,0.714990138067,0.768675009676,0.0520591016379,0.00223707794038,0.0550880099582
1.76024985313,0.0555932998657,0.706057329866,balanced,entropy,1,1,1000,"{'DT__criterion': 'entropy', 'DT__max_depth': 1, 'DT__class_weight': 'balanced', 'DT__n_estimators': 1000, 'DT__min_samples_leaf': 1}",28,0.661489151874,0.627342209073,0.755177514793,0.717948717949,0.768675009676,0.094705818515,0.00113587234629,0.0541333382514
0.188285970688,0.00629825592041,0.711438791192,balanced,entropy,1,2,100,"{'DT__criterion': 'entropy', 'DT__max_depth': 1, 'DT__class_weight': 'balanced', 'DT__n_estimators': 100, 'DT__min_samples_leaf': 2}",9,0.662968441815,0.624383629191,0.738905325444,0.764053254438,0.767191330151,0.00837370325462,0.000132002564466,0.0575502200912
0.354440546036,0.0121706008911,0.706061903969,balanced,entropy,1,2,200,"{'DT__criterion': 'entropy', 'DT__max_depth': 1, 'DT__class_weight': 'balanced', 'DT__n_estimators': 200, 'DT__min_samples_leaf': 2}",26,0.665927021696,0.630300788955,0.758136094675,0.716469428008,0.759772932525,0.02121031374,0.000933173491015,0.0510958971552
0.899284934998,0.0301512718201,0.707834441455,balanced,entropy,1,2,500,"{'DT__criterion': 'entropy', 'DT__max_depth': 1, 'DT__class_weight': 'balanced', 'DT__n_estimators': 500, 'DT__min_samples_leaf': 2}",20,0.668885601578,0.62290433925,0.759615384615,0.71942800789,0.768675009676,0.0556547876924,0.00123240844936,0.0552155399372
1.75330085754,0.0572749614716,0.70753749384,balanced,entropy,1,2,1000,"{'DT__criterion': 'entropy', 'DT__max_depth': 1, 'DT__class_weight': 'balanced', 'DT__n_estimators': 1000, 'DT__min_samples_leaf': 2}",21,0.665927021696,0.625862919132,0.758136094675,0.717948717949,0.770158689201,0.0974202190586,0.00263018774289,0.0547486779672
0.191320180893,0.00694217681885,0.705735700146,balanced,entropy,1,3,100,"{'DT__criterion': 'entropy', 'DT__max_depth': 1, 'DT__class_weight': 'balanced', 'DT__n_estimators': 100, 'DT__min_samples_leaf': 3}",29,0.65557199211,0.633259368836,0.750616370809,0.71942800789,0.770158689201,0.00436200385782,0.000452509056934,0.0531299486033
0.358621406555,0.0120887756348,0.706326545975,balanced,entropy,1,3,200,"{'DT__criterion': 'entropy', 'DT__max_depth': 1, 'DT__class_weight': 'balanced', 'DT__n_estimators': 200, 'DT__min_samples_leaf': 3}",25,0.677761341223,0.624383629191,0.737302761341,0.71942800789,0.773126048252,0.0206717825615,0.000830934398771,0.0512128846144
0.872322797775,0.0299386024475,0.711708769651,balanced,entropy,1,3,500,"{'DT__criterion': 'entropy', 'DT__max_depth': 1, 'DT__class_weight': 'balanced', 'DT__n_estimators': 500, 'DT__min_samples_leaf': 3}",8,0.664447731755,0.628821499014,0.758136094675,0.737302761341,0.770158689201,0.0416486033067,0.0030635015481,0.0553695047368
1.80318379402,0.0634539604187,0.705169536423,balanced,entropy,1,3,1000,"{'DT__criterion': 'entropy', 'DT__max_depth': 1, 'DT__class_weight': 'balanced', 'DT__n_estimators': 1000, 'DT__min_samples_leaf': 3}",30,0.658530571992,0.624383629191,0.758136094675,0.717948717949,0.767191330151,0.0951193952613,0.00709644889001,0.0557008282118
0.169746208191,0.00583357810974,0.710524790942,balanced,entropy,1,4,100,"{'DT__criterion': 'entropy', 'DT__max_depth': 1, 'DT__class_weight': 'balanced', 'DT__n_estimators': 100, 'DT__min_samples_leaf': 4}",12,0.65409270217,0.642135108481,0.752218934911,0.7358234714,0.768675009676,0.00735819907209,0.000193422949647,0.0521880591104
0.35412197113,0.0122042179108,0.706058092217,balanced,entropy,1,4,200,"{'DT__criterion': 'entropy', 'DT__max_depth': 1, 'DT__class_weight': 'balanced', 'DT__n_estimators': 200, 'DT__min_samples_leaf': 4}",27,0.658530571992,0.631780078895,0.756656804734,0.716469428008,0.767191330151,0.023334347532,0.00145045413135,0.0532484819039
0.933740377426,0.0279649734497,0.710230130378,balanced,entropy,1,4,500,"{'DT__criterion': 'entropy', 'DT__max_depth': 1, 'DT__class_weight': 'balanced', 'DT__n_estimators': 500, 'DT__min_samples_leaf': 4}",13,0.657051282051,0.625862919132,0.762573964497,0.740261341223,0.765707650626,0.140829550012,0.00059066946101,0.0577351438881
1.9541425705,0.0604913711548,0.71289351071,balanced,entropy,1,4,1000,"{'DT__criterion': 'entropy', 'DT__max_depth': 1, 'DT__class_weight': 'balanced', 'DT__n_estimators': 1000, 'DT__min_samples_leaf': 4}",7,0.662968441815,0.624383629191,0.762573964497,0.744699211045,0.770158689201,0.276143156659,0.00487253186069,0.0584573769409
0.205724191666,0.00675044059753,0.687456530581,balanced,entropy,4,1,100,"{'DT__criterion': 'entropy', 'DT__max_depth': 4, 'DT__class_weight': 'balanced', 'DT__n_estimators': 100, 'DT__min_samples_leaf': 1}",57,0.647805719921,0.679117357002,0.720660749507,0.662721893491,0.727196490775,0.00346202572465,0.000228492216449,0.0314071329948
0.418215608597,0.0133945465088,0.696983823262,balanced,entropy,4,1,200,"{'DT__criterion': 'entropy', 'DT__max_depth': 4, 'DT__class_weight': 'balanced', 'DT__n_estimators': 200, 'DT__min_samples_leaf': 1}",39,0.670118343195,0.67615877712,0.747411242604,0.664201183432,0.727196490775,0.0193349417841,0.000776074798837,0.0337256843226
1.06583395004,0.0340060710907,0.690738488248,balanced,entropy,4,1,500,"{'DT__criterion': 'entropy', 'DT__max_depth': 4, 'DT__class_weight': 'balanced', 'DT__n_estimators': 500, 'DT__min_samples_leaf': 1}",48,0.649285009862,0.670241617357,0.74149408284,0.664201183432,0.728680170301,0.0556702379702,0.00285845597425,0.0370353001759
2.06705322266,0.0638649463654,0.699832247208,balanced,entropy,4,1,1000,"{'DT__criterion': 'entropy', 'DT__max_depth': 4, 'DT__class_weight': 'balanced', 'DT__n_estimators': 1000, 'DT__min_samples_leaf': 1}",36,0.671597633136,0.674679487179,0.742973372781,0.662721893491,0.747451941685,0.0712656088636,0.00206714334164,0.0372315868099
0.215821361542,0.00690984725952,0.687934710058,balanced,entropy,4,2,100,"{'DT__criterion': 'entropy', 'DT__max_depth': 4, 'DT__class_weight': 'balanced', 'DT__n_estimators': 100, 'DT__min_samples_leaf': 2}",54,0.650764299803,0.646449704142,0.731139053254,0.662721893491,0.74893562121,0.0123569469444,0.000156402878645,0.0431643202993
0.433856391907,0.0138413906097,0.702523359046,balanced,entropy,4,2,200,"{'DT__criterion': 'entropy', 'DT__max_depth': 4, 'DT__class_weight': 'balanced', 'DT__n_estimators': 200, 'DT__min_samples_leaf': 2}",34,0.687993096647,0.671720907298,0.74149408284,0.665680473373,0.74596826216,0.0236189471065,0.000404625030673,0.0344081611041
1.03112683296,0.0327852249146,0.699378749836,balanced,entropy,4,2,500,"{'DT__criterion': 'entropy', 'DT__max_depth': 4, 'DT__class_weight': 'balanced', 'DT__n_estimators': 500, 'DT__min_samples_leaf': 2}",37,0.670118343195,0.673200197239,0.723619329389,0.704388560158,0.72571281125,0.0513632815639,0.00172757063585,0.0238620583675
2.10416798592,0.0706687450409,0.69491205111,balanced,entropy,4,2,1000,"{'DT__criterion': 'entropy', 'DT__max_depth': 4, 'DT__class_weight': 'balanced', 'DT__n_estimators': 1000, 'DT__min_samples_leaf': 2}",41,0.649285009862,0.673200197239,0.740014792899,0.687993096647,0.724229131725,0.096241952853,0.0105965944094,0.0331547176375
0.205268144608,0.00677137374878,0.688963663711,balanced,entropy,4,3,100,"{'DT__criterion': 'entropy', 'DT__max_depth': 4, 'DT__class_weight': 'balanced', 'DT__n_estimators': 100, 'DT__min_samples_leaf': 3}",52,0.63141025641,0.671720907298,0.737056213018,0.680596646943,0.724229131725,0.00796618681114,0.00029795956504,0.0380457276014
0.410810613632,0.0132967472076,0.695365548482,balanced,entropy,4,3,200,"{'DT__criterion': 'entropy', 'DT__max_depth': 4, 'DT__class_weight': 'balanced', 'DT__n_estimators': 200, 'DT__min_samples_leaf': 3}",40,0.650764299803,0.673200197239,0.742973372781,0.664201183432,0.74596826216,0.00579188121582,0.000531517989696,0.0406790528461
1.05280599594,0.0321440696716,0.685976366608,balanced,entropy,4,3,500,"{'DT__criterion': 'entropy', 'DT__max_depth': 4, 'DT__class_weight': 'balanced', 'DT__n_estimators': 500, 'DT__min_samples_leaf': 3}",62,0.650764299803,0.653846153846,0.717702169625,0.682075936884,0.72571281125,0.028331924438,0.000795458541072,0.0312077628377
2.06048698425,0.0640856266022,0.694319680581,balanced,entropy,4,3,1000,"{'DT__criterion': 'entropy', 'DT__max_depth': 4, 'DT__class_weight': 'balanced', 'DT__n_estimators': 1000, 'DT__min_samples_leaf': 3}",43,0.670118343195,0.674679487179,0.740014792899,0.662721893491,0.724229131725,0.0464493377379,0.0021438927018,0.0314738341177
0.222386789322,0.00852193832397,0.685520582185,balanced,entropy,4,4,100,"{'DT__criterion': 'entropy', 'DT__max_depth': 4, 'DT__class_weight': 'balanced', 'DT__n_estimators': 100, 'DT__min_samples_leaf': 4}",64,0.649285009862,0.652366863905,0.738535502959,0.679117357002,0.708424719391,0.0147985261484,0.00179507133629,0.0340348934839
0.43226313591,0.0137148857117,0.686567974787,balanced,entropy,4,4,200,"{'DT__criterion': 'entropy', 'DT__max_depth': 4, 'DT__class_weight': 'balanced', 'DT__n_estimators': 200, 'DT__min_samples_leaf': 4}",61,0.649285009862,0.668762327416,0.722140039448,0.665680473373,0.727196490775,0.0157742090984,0.000504080832402,0.0317989408421
1.1531393528,0.034218788147,0.700127670122,balanced,entropy,4,4,500,"{'DT__criterion': 'entropy', 'DT__max_depth': 4, 'DT__class_weight': 'balanced', 'DT__n_estimators': 500, 'DT__min_samples_leaf': 4}",35,0.670118343195,0.677638067061,0.722140039448,0.682075936884,0.74893562121,0.156075920983,0.00305079394631,0.0303014154574
2.08953118324,0.0716795921326,0.694773940303,balanced,entropy,4,4,1000,"{'DT__criterion': 'entropy', 'DT__max_depth': 4, 'DT__class_weight': 'balanced', 'DT__n_estimators': 1000, 'DT__min_samples_leaf': 4}",42,0.668639053254,0.67615877712,0.74149408284,0.643367850099,0.744484582634,0.0680322984703,0.00789774946783,0.0407960900171
0.226538038254,0.00704784393311,0.612425865922,balanced,entropy,7,1,100,"{'DT__criterion': 'entropy', 'DT__max_depth': 7, 'DT__class_weight': 'balanced', 'DT__n_estimators': 100, 'DT__min_samples_leaf': 1}",111,0.573101577909,0.616370808679,0.604289940828,0.632642998028,0.635853438266,0.0112435783463,9.7142789152e-05,0.0227401130358
0.462966012955,0.0145951747894,0.616581752185,balanced,entropy,7,1,200,"{'DT__criterion': 'entropy', 'DT__max_depth': 7, 'DT__class_weight': 'balanced', 'DT__n_estimators': 200, 'DT__min_samples_leaf': 1}",103,0.586538461538,0.625246548323,0.650394477318,0.634122287968,0.586440459296,0.0264726406045,0.000861170833156,0.0258294908052
1.16934261322,0.035036611557,0.617171835663,balanced,entropy,7,1,500,"{'DT__criterion': 'entropy', 'DT__max_depth': 7, 'DT__class_weight': 'balanced', 'DT__n_estimators': 500, 'DT__min_samples_leaf': 1}",101,0.58949704142,0.616370808679,0.671227810651,0.617726824458,0.590891497871,0.0322384470963,0.0011299270117,0.0295992334764
2.38207440376,0.0707939624786,0.629409441482,balanced,entropy,7,1,1000,"{'DT__criterion': 'entropy', 'DT__max_depth': 7, 'DT__class_weight': 'balanced', 'DT__n_estimators': 1000, 'DT__min_samples_leaf': 1}",83,0.611809664694,0.616370808679,0.651873767258,0.635601577909,0.63140239969,0.118570719398,0.00299184208883,0.0143375886329
0.241827058792,0.00765452384949,0.616034027411,balanced,entropy,7,2,100,"{'DT__criterion': 'entropy', 'DT__max_depth': 7, 'DT__class_weight': 'balanced', 'DT__n_estimators': 100, 'DT__min_samples_leaf': 2}",104,0.562746548323,0.613412228797,0.668269230769,0.608851084813,0.626951361115,0.00851288531166,0.000304226987375,0.0339158524372
0.483473205566,0.0151871204376,0.638095873527,balanced,entropy,7,2,200,"{'DT__criterion': 'entropy', 'DT__max_depth': 7, 'DT__class_weight': 'balanced', 'DT__n_estimators': 200, 'DT__min_samples_leaf': 2}",77,0.586538461538,0.616370808679,0.668269230769,0.653476331361,0.665978583409,0.0150369612594,0.00101247875481,0.0317989684557
1.18371357918,0.036247253418,0.624349609877,balanced,entropy,7,2,500,"{'DT__criterion': 'entropy', 'DT__max_depth': 7, 'DT__class_weight': 'balanced', 'DT__n_estimators': 500, 'DT__min_samples_leaf': 2}",89,0.588017751479,0.620808678501,0.663831360947,0.617726824458,0.63140239969,0.0507074395297,0.00254935725227,0.0244457797888
2.3592110157,0.0759513378143,0.631944003564,balanced,entropy,7,2,1000,"{'DT__criterion': 'entropy', 'DT__max_depth': 7, 'DT__class_weight': 'balanced', 'DT__n_estimators': 1000, 'DT__min_samples_leaf': 2}",82,0.608851084813,0.616370808679,0.690581854043,0.63708086785,0.606695910205,0.102069749853,0.0096294712473,0.0312407703835
0.238524723053,0.00731201171875,0.632129047178,balanced,entropy,7,3,100,"{'DT__criterion': 'entropy', 'DT__max_depth': 7, 'DT__class_weight': 'balanced', 'DT__n_estimators': 100, 'DT__min_samples_leaf': 3}",81,0.60441321499,0.617850098619,0.701060157791,0.614768244576,0.622500322539,0.0177975670514,7.8494174799e-05,0.0349969086599
0.472399187088,0.0168704032898,0.637187354082,balanced,entropy,7,3,200,"{'DT__criterion': 'entropy', 'DT__max_depth': 7, 'DT__class_weight': 'balanced', 'DT__n_estimators': 200, 'DT__min_samples_leaf': 3}",78,0.608851084813,0.610453648915,0.687623274162,0.653476331361,0.625467681589,0.018736371556,0.00373988467847,0.0298940701997
1.18551998138,0.0400876045227,0.647326218593,balanced,entropy,7,3,500,"{'DT__criterion': 'entropy', 'DT__max_depth': 7, 'DT__class_weight': 'balanced', 'DT__n_estimators': 500, 'DT__min_samples_leaf': 3}",69,0.607371794872,0.614891518738,0.709935897436,0.63708086785,0.667462262934,0.0471645865182,0.00666949528007,0.0376413416612
2.76422514915,0.0866923809052,0.642699920709,balanced,entropy,7,3,1000,"{'DT__criterion': 'entropy', 'DT__max_depth': 7, 'DT__class_weight': 'balanced', 'DT__n_estimators': 1000, 'DT__min_samples_leaf': 3}",75,0.625246548323,0.616370808679,0.687623274162,0.635601577909,0.648690491549,0.516013360648,0.0225554147487,0.0249217038594
0.230588579178,0.00739121437073,0.653593948662,balanced,entropy,7,4,100,"{'DT__criterion': 'entropy', 'DT__max_depth': 7, 'DT__class_weight': 'balanced', 'DT__n_estimators': 100, 'DT__min_samples_leaf': 4}",65,0.601454635108,0.643121301775,0.702539447732,0.650517751479,0.670429621984,0.011343093239,0.000201217766481,0.0332303596586
0.441636562347,0.0138834476471,0.644503239104,balanced,entropy,7,4,200,"{'DT__criterion': 'entropy', 'DT__max_depth': 7, 'DT__class_weight': 'balanced', 'DT__n_estimators': 200, 'DT__min_samples_leaf': 4}",72,0.625246548323,0.632766272189,0.686143984221,0.632642998028,0.645723132499,0.00971032577514,0.000377725964204,0.0218509099841
1.23327741623,0.0344593524933,0.643911630925,balanced,entropy,7,4,500,"{'DT__criterion': 'entropy', 'DT__max_depth': 7, 'DT__class_weight': 'balanced', 'DT__n_estimators': 500, 'DT__min_samples_leaf': 4}",74,0.625246548323,0.632766272189,0.686143984221,0.631163708087,0.644239452974,0.226436191591,0.000474651381446,0.0220066719898
2.59001736641,0.0741998195648,0.645097134334,balanced,entropy,7,4,1000,"{'DT__criterion': 'entropy', 'DT__max_depth': 7, 'DT__class_weight': 'balanced', 'DT__n_estimators': 1000, 'DT__min_samples_leaf': 4}",71,0.622287968442,0.637204142012,0.687623274162,0.635601577909,0.642755773449,0.325868175764,0.0120805452202,0.0223132155306
0.259568166733,0.00969905853271,0.548480156009,balanced,entropy,10,1,100,"{'DT__criterion': 'entropy', 'DT__max_depth': 10, 'DT__class_weight': 'balanced', 'DT__n_estimators': 100, 'DT__min_samples_leaf': 1}",171,0.516395463511,0.57741617357,0.580374753452,0.506040433925,0.562250032254,0.0194333054678,0.00222401888502,0.0312380188992
0.546262550354,0.0156494617462,0.540278002245,balanced,entropy,10,1,200,"{'DT__criterion': 'entropy', 'DT__max_depth': 10, 'DT__class_weight': 'balanced', 'DT__n_estimators': 200, 'DT__min_samples_leaf': 1}",183,0.497041420118,0.572978303748,0.580374753452,0.513436883629,0.537543542769,0.039546552905,0.000755999616417,0.0324966991124
1.28671865463,0.0376221179962,0.544309642549,balanced,entropy,10,1,500,"{'DT__criterion': 'entropy', 'DT__max_depth': 10, 'DT__class_weight': 'balanced', 'DT__n_estimators': 500, 'DT__min_samples_leaf': 1}",178,0.497041420118,0.572978303748,0.580374753452,0.510478303748,0.560766352729,0.0860307317452,0.00157785394466,0.0339915852061
2.5972058773,0.0848796844482,0.54371803437,balanced,entropy,10,1,1000,"{'DT__criterion': 'entropy', 'DT__max_depth': 10, 'DT__class_weight': 'balanced', 'DT__n_estimators': 1000, 'DT__min_samples_leaf': 1}",180,0.497041420118,0.574457593688,0.578895463511,0.508999013807,0.559282673203,0.0611184313736,0.0183346485009,0.0340993618686
0.253761386871,0.00779013633728,0.555960358644,balanced,entropy,10,2,100,"{'DT__criterion': 'entropy', 'DT__max_depth': 10, 'DT__class_weight': 'balanced', 'DT__n_estimators': 100, 'DT__min_samples_leaf': 2}",167,0.553624260355,0.584935897436,0.575936883629,0.506040433925,0.559282673203,0.0102901191636,0.000305532917025,0.0273905875287
0.627736759186,0.0176802158356,0.556553491524,balanced,entropy,10,2,200,"{'DT__criterion': 'entropy', 'DT__max_depth': 10, 'DT__class_weight': 'balanced', 'DT__n_estimators': 200, 'DT__min_samples_leaf': 2}",166,0.511957593688,0.587894477318,0.596770216963,0.528353057199,0.557798993678,0.111791023837,0.00357470868744,0.0328365675076
1.39096908569,0.0385447502136,0.561474449972,balanced,entropy,10,2,500,"{'DT__criterion': 'entropy', 'DT__max_depth': 10, 'DT__class_weight': 'balanced', 'DT__n_estimators': 500, 'DT__min_samples_leaf': 2}",161,0.532790927022,0.590853057199,0.596770216963,0.507519723866,0.579538124113,0.133684397782,0.00178903271039,0.0351399101943
2.49429001808,0.0749264240265,0.548803310431,balanced,entropy,10,2,1000,"{'DT__criterion': 'entropy', 'DT__max_depth': 10, 'DT__class_weight': 'balanced', 'DT__n_estimators': 1000, 'DT__min_samples_leaf': 2}",170,0.51491617357,0.589373767258,0.575936883629,0.506040433925,0.557798993678,0.0972726751306,0.00308931369117,0.0330020816905
0.244691610336,0.00800795555115,0.5777491769,balanced,entropy,10,3,100,"{'DT__criterion': 'entropy', 'DT__max_depth': 10, 'DT__class_weight': 'balanced', 'DT__n_estimators': 100, 'DT__min_samples_leaf': 3}",143,0.528353057199,0.623643984221,0.59233234714,0.543269230769,0.601277254548,0.00410452239306,0.000203177588148,0.0360708913285
0.493397951126,0.0150586605072,0.576862908157,balanced,entropy,10,3,200,"{'DT__criterion': 'entropy', 'DT__max_depth': 10, 'DT__class_weight': 'balanced', 'DT__n_estimators': 200, 'DT__min_samples_leaf': 3}",144,0.531311637081,0.62216469428,0.589373767258,0.54474852071,0.596826215972,0.0128680519478,0.000492129597327,0.0338161951966
1.23601737022,0.037962770462,0.590107979277,balanced,entropy,10,3,500,"{'DT__criterion': 'entropy', 'DT__max_depth': 10, 'DT__class_weight': 'balanced', 'DT__n_estimators': 500, 'DT__min_samples_leaf': 3}",130,0.572978303748,0.628081854043,0.629561143984,0.54474852071,0.575087085537,0.0588365663288,0.00215144456232,0.0334066463232
2.40434556007,0.0737480163574,0.59473122776,balanced,entropy,10,3,1000,"{'DT__criterion': 'entropy', 'DT__max_depth': 10, 'DT__class_weight': 'balanced', 'DT__n_estimators': 1000, 'DT__min_samples_leaf': 3}",127,0.571499013807,0.628081854043,0.610207100592,0.564102564103,0.599793575023,0.0800855555868,0.00538077414795,0.0239092525542
0.26114821434,0.00807356834412,0.618916497289,balanced,entropy,10,4,100,"{'DT__criterion': 'entropy', 'DT__max_depth': 10, 'DT__class_weight': 'balanced', 'DT__n_estimators': 100, 'DT__min_samples_leaf': 4}",98,0.605769230769,0.635601577909,0.608727810651,0.60724852071,0.637337117791,0.0064429226935,0.000346910748497,0.0143511392354
0.5103120327,0.0155578136444,0.619211920204,balanced,entropy,10,4,200,"{'DT__criterion': 'entropy', 'DT__max_depth': 10, 'DT__class_weight': 'balanced', 'DT__n_estimators': 200, 'DT__min_samples_leaf': 4}",96,0.587894477318,0.617726824458,0.648915187377,0.602810650888,0.638820797316,0.017717994175,0.000173075362538,0.0224474545315
1.2039296627,0.037017583847,0.615632252571,balanced,entropy,10,4,500,"{'DT__criterion': 'entropy', 'DT__max_depth': 10, 'DT__class_weight': 'balanced', 'DT__n_estimators': 500, 'DT__min_samples_leaf': 4}",105,0.565581854043,0.619206114398,0.66974852071,0.583456607495,0.640304476842,0.0548308437935,0.00229486773182,0.0376692253031
2.424187994,0.0872804641724,0.612350294905,balanced,entropy,10,4,1000,"{'DT__criterion': 'entropy', 'DT__max_depth': 10, 'DT__class_weight': 'balanced', 'DT__n_estimators': 1000, 'DT__min_samples_leaf': 4}",112,0.570019723866,0.620685404339,0.66974852071,0.562623274162,0.638820797316,0.127046485675,0.018723622564,0.0408282013615
0.290833997726,0.00869932174683,0.522973559314,balanced,entropy,13,1,100,"{'DT__criterion': 'entropy', 'DT__max_depth': 13, 'DT__class_weight': 'balanced', 'DT__n_estimators': 100, 'DT__min_samples_leaf': 1}",207,0.498520710059,0.540187376726,0.540187376726,0.494082840237,0.541994581344,0.0121319670412,0.000285211192637,0.0218526209847
0.624872255325,0.0163637638092,0.522520061943,balanced,entropy,13,1,200,"{'DT__criterion': 'entropy', 'DT__max_depth': 13, 'DT__class_weight': 'balanced', 'DT__n_estimators': 200, 'DT__min_samples_leaf': 1}",209,0.497041420118,0.561020710059,0.540187376726,0.494082840237,0.52025545091,0.103144373349,0.00191576945742,0.0255381052546
1.49701719284,0.039111995697,0.523565167493,balanced,entropy,13,1,500,"{'DT__criterion': 'entropy', 'DT__max_depth': 13, 'DT__class_weight': 'balanced', 'DT__n_estimators': 500, 'DT__min_samples_leaf': 1}",203,0.5,0.540187376726,0.538708086785,0.495562130178,0.54347826087,0.192932336827,0.00232989257351,0.0211750363357
2.67826485634,0.0790697097778,0.523407855386,balanced,entropy,13,1,1000,"{'DT__criterion': 'entropy', 'DT__max_depth': 13, 'DT__class_weight': 'balanced', 'DT__n_estimators': 1000, 'DT__min_samples_leaf': 1}",204,0.5,0.561020710059,0.538708086785,0.495562130178,0.521739130435,0.089502504223,0.0067064498584,0.0244057210765
0.278313159943,0.00853929519653,0.544151568091,balanced,entropy,13,2,100,"{'DT__criterion': 'entropy', 'DT__max_depth': 13, 'DT__class_weight': 'balanced', 'DT__n_estimators': 100, 'DT__min_samples_leaf': 2}",179,0.51491617357,0.574457593688,0.556582840237,0.534270216963,0.540510901819,0.00719603351628,0.000374249938224,0.0202028578773
0.556886720657,0.0151950359344,0.540868085724,balanced,entropy,13,2,200,"{'DT__criterion': 'entropy', 'DT__max_depth': 13, 'DT__class_weight': 'balanced', 'DT__n_estimators': 200, 'DT__min_samples_leaf': 2}",181,0.517874753452,0.552144970414,0.580374753452,0.511957593688,0.541994581344,0.0442811043788,0.000255738868416,0.0247268873442
1.31007356644,0.0377174854279,0.535514355905,balanced,entropy,13,2,500,"{'DT__criterion': 'entropy', 'DT__max_depth': 13, 'DT__class_weight': 'balanced', 'DT__n_estimators': 500, 'DT__min_samples_leaf': 2}",190,0.51491617357,0.575936883629,0.537228796844,0.511957593688,0.537543542769,0.126479094633,0.00110347793695,0.0229046700119
2.79901175499,0.0860688209534,0.535967090926,balanced,entropy,13,2,1000,"{'DT__criterion': 'entropy', 'DT__max_depth': 13, 'DT__class_weight': 'balanced', 'DT__n_estimators': 1000, 'DT__min_samples_leaf': 2}",189,0.494082840237,0.575936883629,0.537228796844,0.511957593688,0.560766352729,0.29057936615,0.0175803011911,0.030154774201
0.373024988174,0.0116149902344,0.585633512695,balanced,entropy,13,3,100,"{'DT__criterion': 'entropy', 'DT__max_depth': 13, 'DT__class_weight': 'balanced', 'DT__n_estimators': 100, 'DT__min_samples_leaf': 3}",134,0.552144970414,0.610207100592,0.598249506903,0.547707100592,0.620049025932,0.0632472451718,0.00187321331189,0.030019267975
0.546907758713,0.018171787262,0.572803536346,balanced,entropy,13,3,200,"{'DT__criterion': 'entropy', 'DT__max_depth': 13, 'DT__class_weight': 'balanced', 'DT__n_estimators': 200, 'DT__min_samples_leaf': 3}",151,0.555103550296,0.589373767258,0.613165680473,0.526873767258,0.579538124113,0.0561393218337,0.00379087071146,0.0295852949092
1.28241901398,0.0367127895355,0.580711791897,balanced,entropy,13,3,500,"{'DT__criterion': 'entropy', 'DT__max_depth': 13, 'DT__class_weight': 'balanced', 'DT__n_estimators': 500, 'DT__min_samples_leaf': 3}",139,0.575936883629,0.632519723866,0.590853057199,0.504561143984,0.599793575023,0.073286580255,0.000281212287406,0.0423807837193
2.54296035767,0.0909777641296,0.576244330821,balanced,entropy,13,3,1000,"{'DT__criterion': 'entropy', 'DT__max_depth': 13, 'DT__class_weight': 'balanced', 'DT__n_estimators': 1000, 'DT__min_samples_leaf': 3}",146,0.555103550296,0.587894477318,0.593811637081,0.54474852071,0.599793575023,0.0930931819319,0.0183946148325,0.0220791808339
0.238205003738,0.00768260955811,0.60519095964,balanced,entropy,13,4,100,"{'DT__criterion': 'entropy', 'DT__max_depth': 13, 'DT__class_weight': 'balanced', 'DT__n_estimators': 100, 'DT__min_samples_leaf': 4}",122,0.568540433925,0.623643984221,0.60724852071,0.584935897436,0.641788156367,0.0021407854764,0.000151651564391,0.0262069678346
0.534614086151,0.015913105011,0.605487907255,balanced,entropy,13,4,200,"{'DT__criterion': 'entropy', 'DT__max_depth': 13, 'DT__class_weight': 'balanced', 'DT__n_estimators': 200, 'DT__min_samples_leaf': 4}",121,0.571499013807,0.623643984221,0.605769230769,0.586415187377,0.640304476842,0.0469805562615,0.000940178611998,0.0247289736402
1.2822602272,0.0384508609772,0.609659183067,balanced,entropy,13,4,500,"{'DT__criterion': 'entropy', 'DT__max_depth': 13, 'DT__class_weight': 'balanced', 'DT__n_estimators': 500, 'DT__min_samples_leaf': 4}",117,0.570019723866,0.623643984221,0.650394477318,0.564102564103,0.640304476842,0.0402893917339,0.00216077268796,0.0358962269983
2.47187175751,0.0746076583862,0.609797293874,balanced,entropy,13,4,1000,"{'DT__criterion': 'entropy', 'DT__max_depth': 13, 'DT__class_weight': 'balanced', 'DT__n_estimators': 1000, 'DT__min_samples_leaf': 4}",116,0.59233234714,0.62216469428,0.628081854043,0.586415187377,0.620049025932,0.0616268762716,0.00380712442163,0.0170008187989
0.262230205536,0.00798177719116,0.518941156661,balanced,entropy,16,1,100,"{'DT__criterion': 'entropy', 'DT__max_depth': 16, 'DT__class_weight': 'balanced', 'DT__n_estimators': 100, 'DT__min_samples_leaf': 1}",212,0.498520710059,0.540187376726,0.538708086785,0.497041420118,0.52025545091,0.00569049095594,0.000193650843895,0.0186674561191
0.523768281937,0.0156653404236,0.516250044823,balanced,entropy,16,1,200,"{'DT__criterion': 'entropy', 'DT__max_depth': 16, 'DT__class_weight': 'balanced', 'DT__n_estimators': 200, 'DT__min_samples_leaf': 1}",214,0.5,0.519354043393,0.541666666667,0.498520710059,0.521739130435,0.00266155226422,0.000455980289035,0.0159084541263
1.35278229713,0.0434709072113,0.520282447476,balanced,entropy,16,1,500,"{'DT__criterion': 'entropy', 'DT__max_depth': 16, 'DT__class_weight': 'balanced', 'DT__n_estimators': 500, 'DT__min_samples_leaf': 1}",210,0.5,0.519354043393,0.541666666667,0.497041420118,0.54347826087,0.0473465782027,0.00746715428396,0.0197326844984
2.73598799706,0.077850818634,0.515657674293,balanced,entropy,16,1,1000,"{'DT__criterion': 'entropy', 'DT__max_depth': 16, 'DT__class_weight': 'balanced', 'DT__n_estimators': 1000, 'DT__min_samples_leaf': 1}",218,0.5,0.519354043393,0.540187376726,0.497041420118,0.521739130435,0.20326776005,0.00284235426161,0.0157813362962
0.260786581039,0.00825381278992,0.545039361535,balanced,entropy,16,2,100,"{'DT__criterion': 'entropy', 'DT__max_depth': 16, 'DT__class_weight': 'balanced', 'DT__n_estimators': 100, 'DT__min_samples_leaf': 2}",175,0.537228796844,0.555103550296,0.57741617357,0.513436883629,0.541994581344,0.0111983402013,0.000405461255656,0.0210757724844
0.549545526505,0.0156382083893,0.544605827813,balanced,entropy,16,2,200,"{'DT__criterion': 'entropy', 'DT__max_depth': 16, 'DT__class_weight': 'balanced', 'DT__n_estimators': 200, 'DT__min_samples_leaf': 2}",177,0.516395463511,0.553624260355,0.578895463511,0.513436883629,0.560766352729,0.0765820093842,0.000633744597264,0.0256428998934
1.27758197784,0.0386964321136,0.539842181473,balanced,entropy,16,2,500,"{'DT__criterion': 'entropy', 'DT__max_depth': 16, 'DT__class_weight': 'balanced', 'DT__n_estimators': 500, 'DT__min_samples_leaf': 2}",184,0.535749506903,0.553624260355,0.537228796844,0.511957593688,0.560766352729,0.0273666051881,0.00141217184964,0.0169000337466
2.8120909214,0.0777155399323,0.535967853277,balanced,entropy,16,2,1000,"{'DT__criterion': 'entropy', 'DT__max_depth': 16, 'DT__class_weight': 'balanced', 'DT__n_estimators': 1000, 'DT__min_samples_leaf': 2}",188,0.494082840237,0.575936883629,0.537228796844,0.513436883629,0.559282673203,0.0600365684472,0.00258154186706,0.0296868961727
0.240511798859,0.0075243473053,0.559837736242,balanced,entropy,16,3,100,"{'DT__criterion': 'entropy', 'DT__max_depth': 16, 'DT__class_weight': 'balanced', 'DT__n_estimators': 100, 'DT__min_samples_leaf': 3}",162,0.555103550296,0.608727810651,0.532790927022,0.547707100592,0.554831634628,0.0122483489562,0.00017176390606,0.0257679068712
0.585119342804,0.0175224781036,0.582627014292,balanced,entropy,16,3,200,"{'DT__criterion': 'entropy', 'DT__max_depth': 16, 'DT__class_weight': 'balanced', 'DT__n_estimators': 200, 'DT__min_samples_leaf': 3}",137,0.575936883629,0.59233234714,0.595290927022,0.570019723866,0.579538124113,0.0666576867598,0.00369549027904,0.00967755911117
1.44794902802,0.0440892696381,0.580711791897,balanced,entropy,16,3,500,"{'DT__criterion': 'entropy', 'DT__max_depth': 16, 'DT__class_weight': 'balanced', 'DT__n_estimators': 500, 'DT__min_samples_leaf': 3}",138,0.574457593688,0.60724852071,0.574457593688,0.547707100592,0.599793575023,0.220513428107,0.00904354334407,0.0211485765115
2.57977938652,0.0832769870758,0.573395906876,balanced,entropy,16,3,1000,"{'DT__criterion': 'entropy', 'DT__max_depth': 16, 'DT__class_weight': 'balanced', 'DT__n_estimators': 1000, 'DT__min_samples_leaf': 3}",149,0.555103550296,0.590853057199,0.593811637081,0.547707100592,0.579538124113,0.120743828822,0.0188496569163,0.0187378623764
0.260967588425,0.00825996398926,0.587914248217,balanced,entropy,16,4,100,"{'DT__criterion': 'entropy', 'DT__max_depth': 16, 'DT__class_weight': 'balanced', 'DT__n_estimators': 100, 'DT__min_samples_leaf': 4}",133,0.546227810651,0.601331360947,0.587894477318,0.564102564103,0.640304476842,0.00995323864567,0.000547852203887,0.0323113433095
0.553098630905,0.0179891109467,0.60891026278,balanced,entropy,16,4,200,"{'DT__criterion': 'entropy', 'DT__max_depth': 16, 'DT__class_weight': 'balanced', 'DT__n_estimators': 200, 'DT__min_samples_leaf': 4}",118,0.59233234714,0.619206114398,0.650394477318,0.565581854043,0.617081666882,0.111230289331,0.00351333706633,0.0284605024058
1.33233499527,0.0509503364563,0.592974842172,balanced,entropy,16,4,500,"{'DT__criterion': 'entropy', 'DT__max_depth': 16, 'DT__class_weight': 'balanced', 'DT__n_estimators': 500, 'DT__min_samples_leaf': 4}",129,0.550665680473,0.620685404339,0.589373767258,0.565581854043,0.638820797316,0.0722535081934,0.0103522778112,0.0329165894949
2.63317041397,0.0764428138733,0.601612816709,balanced,entropy,16,4,1000,"{'DT__criterion': 'entropy', 'DT__max_depth': 16, 'DT__class_weight': 'balanced', 'DT__n_estimators': 1000, 'DT__min_samples_leaf': 4}",124,0.571499013807,0.62216469428,0.610207100592,0.564102564103,0.640304476842,0.0868300637773,0.00326024235524,0.0293381340758
0.308232164383,0.00917739868164,0.515657674293,balanced,entropy,19,1,100,"{'DT__criterion': 'entropy', 'DT__max_depth': 19, 'DT__class_weight': 'balanced', 'DT__n_estimators': 100, 'DT__min_samples_leaf': 1}",218,0.5,0.519354043393,0.540187376726,0.497041420118,0.521739130435,0.0568830050507,0.00177882058569,0.0157813362962
0.54071598053,0.0157562255859,0.515361489029,balanced,entropy,19,1,200,"{'DT__criterion': 'entropy', 'DT__max_depth': 19, 'DT__class_weight': 'balanced', 'DT__n_estimators': 200, 'DT__min_samples_leaf': 1}",224,0.5,0.519354043393,0.538708086785,0.497041420118,0.521739130435,0.0141577751762,0.000515496202477,0.015325479459
1.36279058456,0.0402136325836,0.515657674293,balanced,entropy,19,1,500,"{'DT__criterion': 'entropy', 'DT__max_depth': 19, 'DT__class_weight': 'balanced', 'DT__n_estimators': 500, 'DT__min_samples_leaf': 1}",218,0.5,0.519354043393,0.538708086785,0.498520710059,0.521739130435,0.046063752794,0.00302007507906,0.0149789342045
2.69353919029,0.0864820957184,0.515657674293,balanced,entropy,19,1,1000,"{'DT__criterion': 'entropy', 'DT__max_depth': 19, 'DT__class_weight': 'balanced', 'DT__n_estimators': 1000, 'DT__min_samples_leaf': 1}",218,0.5,0.519354043393,0.540187376726,0.497041420118,0.521739130435,0.110002632077,0.0125470744561,0.0157813362962
0.242660140991,0.00755186080933,0.536105201733,balanced,entropy,19,2,100,"{'DT__criterion': 'entropy', 'DT__max_depth': 19, 'DT__class_weight': 'balanced', 'DT__n_estimators': 100, 'DT__min_samples_leaf': 2}",187,0.516395463511,0.556582840237,0.558062130178,0.508999013807,0.540510901819,0.00827231621516,9.32846807581e-05,0.020229797652
0.508305120468,0.0175122737885,0.532230111187,balanced,entropy,19,2,200,"{'DT__criterion': 'entropy', 'DT__max_depth': 19, 'DT__class_weight': 'balanced', 'DT__n_estimators': 200, 'DT__min_samples_leaf': 2}",193,0.516395463511,0.555103550296,0.537228796844,0.511957593688,0.540510901819,0.0333587164148,0.00348045212644,0.0159968657165
1.43926362991,0.0373287677765,0.536559461456,balanced,entropy,19,2,500,"{'DT__criterion': 'entropy', 'DT__max_depth': 19, 'DT__class_weight': 'balanced', 'DT__n_estimators': 500, 'DT__min_samples_leaf': 2}",186,0.495562130178,0.57741617357,0.537228796844,0.511957593688,0.560766352729,0.242676978964,0.000852233517779,0.0301446798547
2.63217000961,0.0768261909485,0.531795815115,balanced,entropy,19,2,1000,"{'DT__criterion': 'entropy', 'DT__max_depth': 19, 'DT__class_weight': 'balanced', 'DT__n_estimators': 1000, 'DT__min_samples_leaf': 2}",194,0.494082840237,0.555103550296,0.537228796844,0.511957593688,0.560766352729,0.102605512048,0.00547180101026,0.0254039836573
0.254211711884,0.00792045593262,0.550311205911,balanced,entropy,19,3,100,"{'DT__criterion': 'entropy', 'DT__max_depth': 19, 'DT__class_weight': 'balanced', 'DT__n_estimators': 100, 'DT__min_samples_leaf': 3}",169,0.574457593688,0.550665680473,0.570019723866,0.503081854043,0.553347955103,0.00761708676844,0.000220188375368,0.0253571858163
0.495611000061,0.015252161026,0.559540026276,balanced,entropy,19,3,200,"{'DT__criterion': 'entropy', 'DT__max_depth': 19, 'DT__class_weight': 'balanced', 'DT__n_estimators': 200, 'DT__min_samples_leaf': 3}",163,0.532790927022,0.589373767258,0.590853057199,0.526873767258,0.557798993678,0.0186816732197,0.0006115440997,0.0270562956833
1.45966558456,0.0432638168335,0.5689284458,balanced,entropy,19,3,500,"{'DT__criterion': 'entropy', 'DT__max_depth': 19, 'DT__class_weight': 'balanced', 'DT__n_estimators': 500, 'DT__min_samples_leaf': 3}",153,0.575936883629,0.611686390533,0.550665680473,0.526873767258,0.579538124113,0.206026659125,0.00943662809998,0.0286215090637
2.6981487751,0.0792778015137,0.576835939,balanced,entropy,19,3,1000,"{'DT__criterion': 'entropy', 'DT__max_depth': 19, 'DT__class_weight': 'balanced', 'DT__n_estimators': 1000, 'DT__min_samples_leaf': 3}",145,0.575936883629,0.587894477318,0.593811637081,0.525394477318,0.601277254548,0.345605404983,0.00577333798637,0.0270392851392
0.332918596268,0.0102705955505,0.605035172234,balanced,entropy,19,4,100,"{'DT__criterion': 'entropy', 'DT__max_depth': 19, 'DT__class_weight': 'balanced', 'DT__n_estimators': 100, 'DT__min_samples_leaf': 4}",123,0.59233234714,0.62216469428,0.629561143984,0.564102564103,0.617081666882,0.055674844715,0.00214321060994,0.0239970072829
0.499727058411,0.0151719093323,0.608771389623,balanced,entropy,19,4,200,"{'DT__criterion': 'entropy', 'DT__max_depth': 19, 'DT__class_weight': 'balanced', 'DT__n_estimators': 200, 'DT__min_samples_leaf': 4}",119,0.570019723866,0.620685404339,0.608727810651,0.605769230769,0.638820797316,0.017026930137,0.000434276325954,0.0225984505193
1.24425339699,0.0371901988983,0.615013675236,balanced,entropy,19,4,500,"{'DT__criterion': 'entropy', 'DT__max_depth': 19, 'DT__class_weight': 'balanced', 'DT__n_estimators': 500, 'DT__min_samples_leaf': 4}",107,0.590853057199,0.623643984221,0.651873767258,0.565581854043,0.643271835892,0.0517237524291,0.00141843190628,0.0324355158408
2.43703656197,0.0737992763519,0.615014437586,balanced,entropy,19,4,1000,"{'DT__criterion': 'entropy', 'DT__max_depth': 19, 'DT__class_weight': 'balanced', 'DT__n_estimators': 1000, 'DT__min_samples_leaf': 4}",106,0.59233234714,0.642998027613,0.632519723866,0.565581854043,0.641788156367,0.133497087486,0.0024653526806,0.0308730027704
